#pragma once
// GENERATED by tools/gen_grammar_blob.cc (`just gen-blob`). Do not edit.
// Serialized cpp-peglib grammar for culebra::grammar_ — lets get_parser()
// skip the meta-parse. GRAMMAR_BLOB_HASH keys the blob to the grammar text
// AND the cpp-peglib version (1.13.0 here); get_parser() falls back to
// load_grammar() whenever either changes (stale blob).
#include <cstddef>
#include <cstdint>

namespace culebra {

inline constexpr uint64_t GRAMMAR_BLOB_HASH = 0x7e5bb8eb382e040aULL;

inline constexpr unsigned char GRAMMAR_BLOB[] = {
0x31,0x47,0x45,0x50,0x07,0x00,0x00,0x00,0x50,0x52,0x4f,0x47,0x52,0x41,0x4d,0xbc,0x00,0x00,0x00,0x0b,
0x00,0x00,0x00,0x4c,0x69,0x6e,0x65,0x43,0x6f,0x6d,0x6d,0x65,0x6e,0x74,0x08,0x00,0x00,0x00,0x00,0x00,
0x00,0x00,0x00,0x00,0x00,0x00,0x00,0x00,0x03,0x00,0x00,0x00,0x01,0x00,0x02,0x00,0x00,0x00,0x06,0x00,
0x01,0x00,0x00,0x00,0x23,0x06,0x00,0x02,0x00,0x00,0x00,0x2f,0x2f,0x02,0x00,0x00,0x00,0x00,0x00,0x00,
0x00,0x00,0xff,0xff,0xff,0xff,0xff,0xff,0xff,0xff,0x00,0x02,0x00,0x00,0x00,0x04,0x0f,0x00,0x09,0x00,
0x00,0x00,0x45,0x6e,0x64,0x4f,0x66,0x4c,0x69,0x6e,0x65,0x00,0x00,0x00,0x00,0x09,0x03,0x0f,0x00,0x09,
0x00,0x00,0x00,0x45,0x6e,0x64,0x4f,0x66,0x4c,0x69,0x6e,0x65,0x00,0x00,0x00,0x00,0x09,0x00,0x00,0x00,
0x45,0x6e,0x64,0x4f,0x66,0x4c,0x69,0x6e,0x65,0x08,0x00,0x00,0x00,0x00,0x00,0x00,0x00,0x00,0x00,0x00,
0x00,0x00,0x01,0x00,0x03,0x00,0x00,0x00,0x06,0x00,0x02,0x00,0x00,0x00,0x0d,0x0a,0x06,0x00,0x01,0x00,
0x00,0x00,0x0a,0x06,0x00,0x01,0x00,0x00,0x00,0x0d,0x09,0x00,0x00,0x00,0x53,0x70,0x61,0x63,0x65,0x43,
0x68,0x61,0x72,0x08,0x00,0x00,0x00,0x00,0x00,0x00,0x00,0x00,0x00,0x00,0x00,0x00,0x01,0x00,0x02,0x00,
0x00,0x00,0x06,0x00,0x01,0x00,0x00,0x00,0x20,0x06,0x00,0x01,0x00,0x00,0x00,0x09,0x03,0x00,0x00,0x00,
0x5f,0x68,0x5f,0x49,0x00,0x00,0x00,0x00,0x00,0x00,0x00,0x00,0x00,0x00,0x00,0x00,0x02,0x00,0x00,0x00,
0x00,0x00,0x00,0x00,0x00,0xff,0xff,0xff,0xff,0xff,0xff,0xff,0xff,0x01,0x00,0x02,0x00,0x00,0x00,0x0f,
0x00,0x09,0x00,0x00,0x00,0x53,0x70,0x61,0x63,0x65,0x43,0x68,0x61,0x72,0x00,0x00,0x00,0x00,0x0f,0x00,
0x0c,0x00,0x00,0x00,0x42,0x6c,0x6f,0x63,0x6b,0x43,0x6f,0x6d,0x6d,0x65,0x6e,0x74,0x00,0x00,0x00,0x00,
0x05,0x00,0x00,0x00,0x74,0x72,0x61,0x69,0x74,0x09,0x00,0x00,0x00,0x00,0x00,0x00,0x00,0x00,0x00,0x00,
0x00,0x00,0x0f,0x01,0x01,0x00,0x00,0x00,0x4b,0x01,0x00,0x00,0x00,0x06,0x00,0x05,0x00,0x00,0x00,0x74,
0x72,0x61,0x69,0x74,0x06,0x00,0x00,0x00,0x65,0x78,0x70,0x6f,0x72,0x74,0x09,0x00,0x00,0x00,0x00,0x00,
0x00,0x00,0x00,0x00,0x00,0x00,0x00,0x0f,0x01,0x01,0x00,0x00,0x00,0x4b,0x01,0x00,0x00,0x00,0x06,0x00,
0x06,0x00,0x00,0x00,0x65,0x78,0x70,0x6f,0x72,0x74,0x05,0x00,0x00,0x00,0x64,0x65,0x66,0x65,0x72,0x09,
0x00,0x00,0x00,0x00,0x00,0x00,0x00,0x00,0x00,0x00,0x00,0x00,0x0f,0x01,0x01,0x00,0x00,0x00,0x4b,0x01,
0x00,0x00,0x00,0x06,0x00,0x05,0x00,0x00,0x00,0x64,0x65,0x66,0x65,0x72,0x05,0x00,0x00,0x00,0x63,0x61,
0x74,0x63,0x68,0x09,0x00,0x00,0x00,0x00,0x00,0x00,0x00,0x00,0x00,0x00,0x00,0x00,0x0f,0x01,0x01,0x00,
0x00,0x00,0x4b,0x01,0x00,0x00,0x00,0x06,0x00,0x05,0x00,0x00,0x00,0x63,0x61,0x74,0x63,0x68,0x03,0x00,
0x00,0x00,0x74,0x72,0x79,0x09,0x00,0x00,0x00,0x00,0x00,0x00,0x00,0x00,0x00,0x00,0x00,0x00,0x0f,0x01,
0x01,0x00,0x00,0x00,0x4b,0x01,0x00,0x00,0x00,0x06,0x00,0x03,0x00,0x00,0x00,0x74,0x72,0x79,0x05,0x00,
0x00,0x00,0x74,0x68,0x72,0x6f,0x77,0x09,0x00,0x00,0x00,0x00,0x00,0x00,0x00,0x00,0x00,0x00,0x00,0x00,
0x0f,0x01,0x01,0x00,0x00,0x00,0x4b,0x01,0x00,0x00,0x00,0x06,0x00,0x05,0x00,0x00,0x00,0x74,0x68,0x72,
0x6f,0x77,0x06,0x00,0x00,0x00,0x72,0x65,0x74,0x75,0x72,0x6e,0x09,0x00,0x00,0x00,0x00,0x00,0x00,0x00,
0x00,0x00,0x00,0x00,0x00,0x0f,0x01,0x01,0x00,0x00,0x00,0x4b,0x01,0x00,0x00,0x00,0x06,0x00,0x06,0x00,
0x00,0x00,0x72,0x65,0x74,0x75,0x72,0x6e,0x02,0x00,0x00,0x00,0x69,0x6e,0x09,0x00,0x00,0x00,0x00,0x00,
0x00,0x00,0x00,0x00,0x00,0x00,0x00,0x0f,0x01,0x01,0x00,0x00,0x00,0x4b,0x01,0x00,0x00,0x00,0x06,0x00,
0x02,0x00,0x00,0x00,0x69,0x6e,0x03,0x00,0x00,0x00,0x66,0x6f,0x72,0x09,0x00,0x00,0x00,0x00,0x00,0x00,
0x00,0x00,0x00,0x00,0x00,0x00,0x0f,0x01,0x01,0x00,0x00,0x00,0x4b,0x01,0x00,0x00,0x00,0x06,0x00,0x03,
0x00,0x00,0x00,0x66,0x6f,0x72,0x05,0x00,0x00,0x00,0x77,0x68,0x69,0x6c,0x65,0x09,0x00,0x00,0x00,0x00,
0x00,0x00,0x00,0x00,0x00,0x00,0x00,0x00,0x0f,0x01,0x01,0x00,0x00,0x00,0x4b,0x01,0x00,0x00,0x00,0x06,
0x00,0x05,0x00,0x00,0x00,0x77,0x68,0x69,0x6c,0x65,0x08,0x00,0x00,0x00,0x64,0x65,0x62,0x75,0x67,0x67,
0x65,0x72,0x09,0x00,0x00,0x00,0x00,0x00,0x00,0x00,0x00,0x00,0x00,0x00,0x00,0x0f,0x01,0x01,0x00,0x00,
0x00,0x4b,0x01,0x00,0x00,0x00,0x06,0x00,0x08,0x00,0x00,0x00,0x64,0x65,0x62,0x75,0x67,0x67,0x65,0x72,
0x0b,0x00,0x00,0x00,0x52,0x45,0x47,0x45,0x58,0x5f,0x46,0x4c,0x41,0x47,0x53,0x48,0x00,0x00,0x00,0x00,
0x00,0x00,0x00,0x00,0x00,0x00,0x00,0x00,0x0c,0x02,0x00,0x00,0x00,0x00,0x00,0x00,0x00,0x00,0xff,0xff,
0xff,0xff,0xff,0xff,0xff,0xff,0x07,0x00,0x00,0x03,0x00,0x00,0x00,0x69,0x00,0x00,0x00,0x69,0x00,0x00,
0x00,0x6d,0x00,0x00,0x00,0x6d,0x00,0x00,0x00,0x73,0x00,0x00,0x00,0x73,0x00,0x00,0x00,0x10,0x00,0x00,
0x00,0x52,0x45,0x47,0x45,0x58,0x5f,0x43,0x4f,0x4e,0x54,0x45,0x4e,0x54,0x5f,0x42,0x54,0x08,0x00,0x00,
0x00,0x00,0x0d,0x00,0x00,0x00,0x52,0x45,0x47,0x45,0x58,0x5f,0x43,0x4f,0x4e,0x54,0x45,0x4e,0x54,0x00,
0x00,0x00,0x00,0x0c,0x02,0x01,0x00,0x00,0x00,0x00,0x00,0x00,0x00,0xff,0xff,0xff,0xff,0xff,0xff,0xff,
0xff,0x01,0x00,0x02,0x00,0x00,0x00,0x06,0x00,0x02,0x00,0x00,0x00,0x5c,0x24,0x00,0x03,0x00,0x00,0x00,
0x04,0x06,0x00,0x01,0x00,0x00,0x00,0x60,0x04,0x06,0x00,0x02,0x00,0x00,0x00,0x24,0x7b,0x09,0x10,0x00,
0x00,0x00,0x52,0x45,0x47,0x45,0x58,0x5f,0x43,0x4f,0x4e,0x54,0x45,0x4e,0x54,0x5f,0x44,0x51,0x08,0x00,
0x00,0x00,0x00,0x0d,0x00,0x00,0x00,0x52,0x45,0x47,0x45,0x58,0x5f,0x43,0x4f,0x4e,0x54,0x45,0x4e,0x54,
0x00,0x00,0x00,0x00,0x0c,0x02,0x01,0x00,0x00,0x00,0x00,0x00,0x00,0x00,0xff,0xff,0xff,0xff,0xff,0xff,
0xff,0xff,0x01,0x00,0x02,0x00,0x00,0x00,0x06,0x00,0x02,0x00,0x00,0x00,0x5c,0x24,0x00,0x03,0x00,0x00,
0x00,0x04,0x06,0x00,0x01,0x00,0x00,0x00,0x22,0x04,0x06,0x00,0x02,0x00,0x00,0x00,0x24,0x7b,0x09,0x10,
0x00,0x00,0x00,0x52,0x45,0x47,0x45,0x58,0x5f,0x43,0x4f,0x4e,0x54,0x45,0x4e,0x54,0x5f,0x53,0x51,0x08,
0x00,0x00,0x00,0x00,0x0d,0x00,0x00,0x00,0x52,0x45,0x47,0x45,0x58,0x5f,0x43,0x4f,0x4e,0x54,0x45,0x4e,
0x54,0x00,0x00,0x00,0x00,0x0c,0x02,0x01,0x00,0x00,0x00,0x00,0x00,0x00,0x00,0xff,0xff,0xff,0xff,0xff,
0xff,0xff,0xff,0x01,0x00,0x02,0x00,0x00,0x00,0x06,0x00,0x02,0x00,0x00,0x00,0x5c,0x24,0x00,0x03,0x00,
0x00,0x00,0x04,0x07,0x00,0x00,0x01,0x00,0x00,0x00,0x27,0x00,0x00,0x00,0x27,0x00,0x00,0x00,0x04,0x06,
0x00,0x02,0x00,0x00,0x00,0x24,0x7b,0x09,0x05,0x00,0x00,0x00,0x6d,0x61,0x74,0x63,0x68,0x09,0x00,0x00,
0x00,0x00,0x00,0x00,0x00,0x00,0x00,0x00,0x00,0x00,0x0f,0x01,0x01,0x00,0x00,0x00,0x4b,0x01,0x00,0x00,
0x00,0x06,0x00,0x05,0x00,0x00,0x00,0x6d,0x61,0x74,0x63,0x68,0x0c,0x00,0x00,0x00,0x52,0x45,0x47,0x45,
0x58,0x5f,0x49,0x4e,0x54,0x45,0x52,0x50,0x08,0x00,0x00,0x00,0x00,0x00,0x00,0x00,0x00,0x00,0x00,0x00,
0x00,0x00,0x05,0x00,0x00,0x00,0x06,0x00,0x02,0x00,0x00,0x00,0x24,0x7b,0x0f,0x00,0x01,0x00,0x00,0x00,
0x5f,0x00,0x00,0x00,0x00,0x0f,0x00,0x0a,0x00,0x00,0x00,0x45,0x58,0x50,0x52,0x45,0x53,0x53,0x49,0x4f,
0x4e,0x00,0x00,0x00,0x00,0x0f,0x00,0x01,0x00,0x00,0x00,0x5f,0x00,0x00,0x00,0x00,0x06,0x00,0x01,0x00,
0x00,0x00,0x7d,0x0a,0x00,0x00,0x00,0x52,0x45,0x47,0x45,0x58,0x5f,0x42,0x4f,0x44,0x59,0x08,0x00,0x00,
0x00,0x00,0x00,0x00,0x00,0x00,0x00,0x00,0x00,0x00,0x01,0x00,0x03,0x00,0x00,0x00,0x00,0x03,0x00,0x00,
0x00,0x07,0x00,0x00,0x01,0x00,0x00,0x00,0x27,0x00,0x00,0x00,0x27,0x00,0x00,0x00,0x02,0x00,0x00,0x00,
0x00,0x00,0x00,0x00,0x00,0xff,0xff,0xff,0xff,0xff,0xff,0xff,0xff,0x01,0x00,0x02,0x00,0x00,0x00,0x0f,
0x00,0x0c,0x00,0x00,0x00,0x52,0x45,0x47,0x45,0x58,0x5f,0x49,0x4e,0x54,0x45,0x52,0x50,0x00,0x00,0x00,
0x00,0x0f,0x00,0x10,0x00,0x00,0x00,0x52,0x45,0x47,0x45,0x58,0x5f,0x43,0x4f,0x4e,0x54,0x45,0x4e,0x54,
0x5f,0x53,0x51,0x00,0x00,0x00,0x00,0x07,0x00,0x00,0x01,0x00,0x00,0x00,0x27,0x00,0x00,0x00,0x27,0x00,
0x00,0x00,0x00,0x03,0x00,0x00,0x00,0x06,0x00,0x01,0x00,0x00,0x00,0x22,0x02,0x00,0x00,0x00,0x00,0x00,
0x00,0x00,0x00,0xff,0xff,0xff,0xff,0xff,0xff,0xff,0xff,0x01,0x00,0x02,0x00,0x00,0x00,0x0f,0x00,0x0c,
0x00,0x00,0x00,0x52,0x45,0x47,0x45,0x58,0x5f,0x49,0x4e,0x54,0x45,0x52,0x50,0x00,0x00,0x00,0x00,0x0f,
0x00,0x10,0x00,0x00,0x00,0x52,0x45,0x47,0x45,0x58,0x5f,0x43,0x4f,0x4e,0x54,0x45,0x4e,0x54,0x5f,0x44,
0x51,0x00,0x00,0x00,0x00,0x06,0x00,0x01,0x00,0x00,0x00,0x22,0x00,0x03,0x00,0x00,0x00,0x06,0x00,0x01,
0x00,0x00,0x00,0x60,0x02,0x00,0x00,0x00,0x00,0x00,0x00,0x00,0x00,0xff,0xff,0xff,0xff,0xff,0xff,0xff,
0xff,0x01,0x00,0x02,0x00,0x00,0x00,0x0f,0x00,0x0c,0x00,0x00,0x00,0x52,0x45,0x47,0x45,0x58,0x5f,0x49,
0x4e,0x54,0x45,0x52,0x50,0x00,0x00,0x00,0x00,0x0f,0x00,0x10,0x00,0x00,0x00,0x52,0x45,0x47,0x45,0x58,
0x5f,0x43,0x4f,0x4e,0x54,0x45,0x4e,0x54,0x5f,0x42,0x54,0x00,0x00,0x00,0x00,0x06,0x00,0x01,0x00,0x00,
0x00,0x60,0x04,0x00,0x00,0x00,0x5f,0x73,0x70,0x5f,0x49,0x00,0x00,0x00,0x00,0x00,0x00,0x00,0x00,0x00,
0x00,0x00,0x00,0x02,0x00,0x00,0x00,0x00,0x00,0x00,0x00,0x00,0xff,0xff,0xff,0xff,0xff,0xff,0xff,0xff,
0x0f,0x00,0x09,0x00,0x00,0x00,0x53,0x70,0x61,0x63,0x65,0x43,0x68,0x61,0x72,0x00,0x00,0x00,0x00,0x09,
0x00,0x00,0x00,0x52,0x45,0x47,0x45,0x58,0x5f,0x4c,0x49,0x54,0x08,0x00,0x00,0x00,0x00,0x00,0x00,0x00,
0x00,0x00,0x00,0x00,0x00,0x00,0x03,0x00,0x00,0x00,0x06,0x00,0x02,0x00,0x00,0x00,0x72,0x65,0x0f,0x00,
0x0a,0x00,0x00,0x00,0x52,0x45,0x47,0x45,0x58,0x5f,0x42,0x4f,0x44,0x59,0x00,0x00,0x00,0x00,0x0f,0x00,
0x0b,0x00,0x00,0x00,0x52,0x45,0x47,0x45,0x58,0x5f,0x46,0x4c,0x41,0x47,0x53,0x00,0x00,0x00,0x00,0x0e,
0x00,0x00,0x00,0x54,0x52,0x49,0x50,0x4c,0x45,0x5f,0x43,0x4f,0x4e,0x54,0x45,0x4e,0x54,0x08,0x00,0x00,
0x00,0x00,0x00,0x00,0x00,0x00,0x00,0x00,0x00,0x00,0x02,0x01,0x00,0x00,0x00,0x00,0x00,0x00,0x00,0xff,
0xff,0xff,0xff,0xff,0xff,0xff,0xff,0x01,0x00,0x03,0x00,0x00,0x00,0x00,0x03,0x00,0x00,0x00,0x06,0x00,
0x03,0x00,0x00,0x00,0x5c,0x75,0x7b,0x02,0x00,0x00,0x00,0x00,0x00,0x00,0x00,0x00,0xff,0xff,0xff,0xff,
0xff,0xff,0xff,0xff,0x07,0x00,0x00,0x03,0x00,0x00,0x00,0x30,0x00,0x00,0x00,0x39,0x00,0x00,0x00,0x61,
0x00,0x00,0x00,0x66,0x00,0x00,0x00,0x41,0x00,0x00,0x00,0x46,0x00,0x00,0x00,0x06,0x00,0x01,0x00,0x00,
0x00,0x7d,0x00,0x02,0x00,0x00,0x00,0x06,0x00,0x01,0x00,0x00,0x00,0x5c,0x09,0x00,0x02,0x00,0x00,0x00,
0x04,0x01,0x00,0x03,0x00,0x00,0x00,0x06,0x00,0x03,0x00,0x00,0x00,0x22,0x22,0x22,0x06,0x00,0x01,0x00,
0x00,0x00,0x7b,0x06,0x00,0x01,0x00,0x00,0x00,0x5c,0x09,0x14,0x00,0x00,0x00,0x49,0x4e,0x54,0x45,0x52,
0x50,0x4f,0x4c,0x41,0x54,0x45,0x44,0x5f,0x43,0x4f,0x4e,0x54,0x45,0x4e,0x54,0x08,0x00,0x00,0x00,0x00,
0x00,0x00,0x00,0x00,0x00,0x00,0x00,0x00,0x02,0x01,0x00,0x00,0x00,0x00,0x00,0x00,0x00,0xff,0xff,0xff,
0xff,0xff,0xff,0xff,0xff,0x01,0x00,0x03,0x00,0x00,0x00,0x00,0x03,0x00,0x00,0x00,0x06,0x00,0x03,0x00,
0x00,0x00,0x5c,0x75,0x7b,0x02,0x00,0x00,0x00,0x00,0x00,0x00,0x00,0x00,0xff,0xff,0xff,0xff,0xff,0xff,
0xff,0xff,0x07,0x00,0x00,0x03,0x00,0x00,0x00,0x30,0x00,0x00,0x00,0x39,0x00,0x00,0x00,0x61,0x00,0x00,
0x00,0x66,0x00,0x00,0x00,0x41,0x00,0x00,0x00,0x46,0x00,0x00,0x00,0x06,0x00,0x01,0x00,0x00,0x00,0x7d,
0x00,0x02,0x00,0x00,0x00,0x06,0x00,0x01,0x00,0x00,0x00,0x5c,0x09,0x00,0x02,0x00,0x00,0x00,0x04,0x07,
0x00,0x00,0x03,0x00,0x00,0x00,0x22,0x00,0x00,0x00,0x22,0x00,0x00,0x00,0x7b,0x00,0x00,0x00,0x7b,0x00,
0x00,0x00,0x5c,0x00,0x00,0x00,0x5c,0x00,0x00,0x00,0x09,0x0b,0x00,0x00,0x00,0x46,0x4f,0x52,0x4d,0x41,
0x54,0x5f,0x53,0x50,0x45,0x43,0x48,0x00,0x00,0x00,0x00,0x00,0x00,0x00,0x00,0x00,0x00,0x00,0x00,0x0c,
0x02,0x00,0x00,0x00,0x00,0x00,0x00,0x00,0x00,0xff,0xff,0xff,0xff,0xff,0xff,0xff,0xff,0x00,0x02,0x00,
0x00,0x00,0x04,0x07,0x00,0x00,0x01,0x00,0x00,0x00,0x7d,0x00,0x00,0x00,0x7d,0x00,0x00,0x00,0x09,0x05,
0x00,0x00,0x00,0x63,0x6c,0x61,0x73,0x73,0x09,0x00,0x00,0x00,0x00,0x00,0x00,0x00,0x00,0x00,0x00,0x00,
0x00,0x0f,0x01,0x01,0x00,0x00,0x00,0x4b,0x01,0x00,0x00,0x00,0x06,0x00,0x05,0x00,0x00,0x00,0x63,0x6c,
0x61,0x73,0x73,0x0b,0x00,0x00,0x00,0x49,0x4e,0x54,0x45,0x52,0x50,0x5f,0x45,0x58,0x50,0x52,0x08,0x00,
0x00,0x00,0x00,0x00,0x00,0x00,0x00,0x00,0x00,0x00,0x00,0x00,0x06,0x00,0x00,0x00,0x06,0x00,0x01,0x00,
0x00,0x00,0x7b,0x0f,0x00,0x01,0x00,0x00,0x00,0x5f,0x00,0x00,0x00,0x00,0x0f,0x00,0x0a,0x00,0x00,0x00,
0x45,0x58,0x50,0x52,0x45,0x53,0x53,0x49,0x4f,0x4e,0x00,0x00,0x00,0x00,0x02,0x00,0x00,0x00,0x00,0x00,
0x00,0x00,0x00,0x01,0x00,0x00,0x00,0x00,0x00,0x00,0x00,0x00,0x03,0x00,0x00,0x00,0x0f,0x00,0x01,0x00,
0x00,0x00,0x5f,0x00,0x00,0x00,0x00,0x06,0x00,0x01,0x00,0x00,0x00,0x3a,0x0f,0x00,0x0b,0x00,0x00,0x00,
0x46,0x4f,0x52,0x4d,0x41,0x54,0x5f,0x53,0x50,0x45,0x43,0x00,0x00,0x00,0x00,0x0f,0x00,0x01,0x00,0x00,
0x00,0x5f,0x00,0x00,0x00,0x00,0x06,0x00,0x01,0x00,0x00,0x00,0x7d,0x06,0x00,0x00,0x00,0x53,0x54,0x52,
0x49,0x4e,0x47,0x08,0x00,0x00,0x00,0x00,0x00,0x00,0x00,0x00,0x00,0x00,0x00,0x00,0x00,0x03,0x00,0x00,
0x00,0x07,0x00,0x00,0x01,0x00,0x00,0x00,0x27,0x00,0x00,0x00,0x27,0x00,0x00,0x00,0x0c,0x02,0x00,0x00,
0x00,0x00,0x00,0x00,0x00,0x00,0xff,0xff,0xff,0xff,0xff,0xff,0xff,0xff,0x00,0x02,0x00,0x00,0x00,0x04,
0x07,0x00,0x00,0x01,0x00,0x00,0x00,0x27,0x00,0x00,0x00,0x27,0x00,0x00,0x00,0x09,0x07,0x00,0x00,0x01,
0x00,0x00,0x00,0x27,0x00,0x00,0x00,0x27,0x00,0x00,0x00,0x06,0x00,0x00,0x00,0x4e,0x55,0x4d,0x42,0x45,
0x52,0x08,0x00,0x00,0x00,0x00,0x00,0x00,0x00,0x00,0x00,0x00,0x00,0x00,0x0c,0x01,0x00,0x04,0x00,0x00,
0x00,0x00,0x03,0x00,0x00,0x00,0x06,0x00,0x01,0x00,0x00,0x00,0x30,0x07,0x00,0x00,0x02,0x00,0x00,0x00,
0x78,0x00,0x00,0x00,0x78,0x00,0x00,0x00,0x58,0x00,0x00,0x00,0x58,0x00,0x00,0x00,0x02,0x01,0x00,0x00,
0x00,0x00,0x00,0x00,0x00,0xff,0xff,0xff,0xff,0xff,0xff,0xff,0xff,0x07,0x00,0x00,0x03,0x00,0x00,0x00,
0x30,0x00,0x00,0x00,0x39,0x00,0x00,0x00,0x61,0x00,0x00,0x00,0x66,0x00,0x00,0x00,0x41,0x00,0x00,0x00,
0x46,0x00,0x00,0x00,0x00,0x03,0x00,0x00,0x00,0x06,0x00,0x01,0x00,0x00,0x00,0x30,0x07,0x00,0x00,0x02,
0x00,0x00,0x00,0x6f,0x00,0x00,0x00,0x6f,0x00,0x00,0x00,0x4f,0x00,0x00,0x00,0x4f,0x00,0x00,0x00,0x02,
0x01,0x00,0x00,0x00,0x00,0x00,0x00,0x00,0xff,0xff,0xff,0xff,0xff,0xff,0xff,0xff,0x07,0x00,0x00,0x01,
0x00,0x00,0x00,0x30,0x00,0x00,0x00,0x37,0x00,0x00,0x00,0x00,0x03,0x00,0x00,0x00,0x06,0x00,0x01,0x00,
0x00,0x00,0x30,0x07,0x00,0x00,0x02,0x00,0x00,0x00,0x62,0x00,0x00,0x00,0x62,0x00,0x00,0x00,0x42,0x00,
0x00,0x00,0x42,0x00,0x00,0x00,0x02,0x01,0x00,0x00,0x00,0x00,0x00,0x00,0x00,0xff,0xff,0xff,0xff,0xff,
0xff,0xff,0xff,0x07,0x00,0x00,0x02,0x00,0x00,0x00,0x30,0x00,0x00,0x00,0x30,0x00,0x00,0x00,0x31,0x00,
0x00,0x00,0x31,0x00,0x00,0x00,0x02,0x01,0x00,0x00,0x00,0x00,0x00,0x00,0x00,0xff,0xff,0xff,0xff,0xff,
0xff,0xff,0xff,0x07,0x00,0x00,0x01,0x00,0x00,0x00,0x30,0x00,0x00,0x00,0x39,0x00,0x00,0x00,0x02,0x00,
0x00,0x00,0x69,0x66,0x09,0x00,0x00,0x00,0x00,0x00,0x00,0x00,0x00,0x00,0x00,0x00,0x00,0x0f,0x01,0x01,
0x00,0x00,0x00,0x4b,0x01,0x00,0x00,0x00,0x06,0x00,0x02,0x00,0x00,0x00,0x69,0x66,0x05,0x00,0x00,0x00,
0x46,0x4c,0x4f,0x41,0x54,0x08,0x00,0x00,0x00,0x00,0x00,0x00,0x00,0x00,0x00,0x00,0x00,0x00,0x0c,0x01,
0x00,0x02,0x00,0x00,0x00,0x00,0x04,0x00,0x00,0x00,0x02,0x01,0x00,0x00,0x00,0x00,0x00,0x00,0x00,0xff,
0xff,0xff,0xff,0xff,0xff,0xff,0xff,0x07,0x00,0x00,0x01,0x00,0x00,0x00,0x30,0x00,0x00,0x00,0x39,0x00,
0x00,0x00,0x06,0x00,0x01,0x00,0x00,0x00,0x2e,0x02,0x01,0x00,0x00,0x00,0x00,0x00,0x00,0x00,0xff,0xff,
0xff,0xff,0xff,0xff,0xff,0xff,0x07,0x00,0x00,0x01,0x00,0x00,0x00,0x30,0x00,0x00,0x00,0x39,0x00,0x00,
0x00,0x02,0x00,0x00,0x00,0x00,0x00,0x00,0x00,0x00,0x01,0x00,0x00,0x00,0x00,0x00,0x00,0x00,0x00,0x03,
0x00,0x00,0x00,0x07,0x00,0x00,0x02,0x00,0x00,0x00,0x65,0x00,0x00,0x00,0x65,0x00,0x00,0x00,0x45,0x00,
0x00,0x00,0x45,0x00,0x00,0x00,0x02,0x00,0x00,0x00,0x00,0x00,0x00,0x00,0x00,0x01,0x00,0x00,0x00,0x00,
0x00,0x00,0x00,0x07,0x00,0x00,0x02,0x00,0x00,0x00,0x2d,0x00,0x00,0x00,0x2d,0x00,0x00,0x00,0x2b,0x00,
0x00,0x00,0x2b,0x00,0x00,0x00,0x02,0x01,0x00,0x00,0x00,0x00,0x00,0x00,0x00,0xff,0xff,0xff,0xff,0xff,
0xff,0xff,0xff,0x07,0x00,0x00,0x01,0x00,0x00,0x00,0x30,0x00,0x00,0x00,0x39,0x00,0x00,0x00,0x00,0x04,
0x00,0x00,0x00,0x02,0x01,0x00,0x00,0x00,0x00,0x00,0x00,0x00,0xff,0xff,0xff,0xff,0xff,0xff,0xff,0xff,
0x07,0x00,0x00,0x01,0x00,0x00,0x00,0x30,0x00,0x00,0x00,0x39,0x00,0x00,0x00,0x07,0x00,0x00,0x02,0x00,
0x00,0x00,0x65,0x00,0x00,0x00,0x65,0x00,0x00,0x00,0x45,0x00,0x00,0x00,0x45,0x00,0x00,0x00,0x02,0x00,
0x00,0x00,0x00,0x00,0x00,0x00,0x00,0x01,0x00,0x00,0x00,0x00,0x00,0x00,0x00,0x07,0x00,0x00,0x02,0x00,
0x00,0x00,0x2d,0x00,0x00,0x00,0x2d,0x00,0x00,0x00,0x2b,0x00,0x00,0x00,0x2b,0x00,0x00,0x00,0x02,0x01,
0x00,0x00,0x00,0x00,0x00,0x00,0x00,0xff,0xff,0xff,0xff,0xff,0xff,0xff,0xff,0x07,0x00,0x00,0x01,0x00,
0x00,0x00,0x30,0x00,0x00,0x00,0x39,0x00,0x00,0x00,0x05,0x00,0x00,0x00,0x41,0x52,0x52,0x41,0x59,0x08,
0x00,0x00,0x00,0x00,0x00,0x00,0x00,0x00,0x00,0x00,0x00,0x00,0x00,0x06,0x00,0x00,0x00,0x06,0x00,0x01,
0x00,0x00,0x00,0x5b,0x0f,0x00,0x01,0x00,0x00,0x00,0x5f,0x00,0x00,0x00,0x00,0x0f,0x00,0x08,0x00,0x00,
0x00,0x53,0x45,0x51,0x55,0x45,0x4e,0x43,0x45,0x00,0x00,0x00,0x00,0x0f,0x00,0x01,0x00,0x00,0x00,0x5f,
0x00,0x00,0x00,0x00,0x06,0x00,0x01,0x00,0x00,0x00,0x5d,0x02,0x00,0x00,0x00,0x00,0x00,0x00,0x00,0x00,
0x01,0x00,0x00,0x00,0x00,0x00,0x00,0x00,0x00,0x07,0x00,0x00,0x00,0x0f,0x00,0x01,0x00,0x00,0x00,0x5f,
0x00,0x00,0x00,0x00,0x06,0x00,0x01,0x00,0x00,0x00,0x28,0x0f,0x00,0x01,0x00,0x00,0x00,0x5f,0x00,0x00,
0x00,0x00,0x0f,0x00,0x0a,0x00,0x00,0x00,0x45,0x58,0x50,0x52,0x45,0x53,0x53,0x49,0x4f,0x4e,0x00,0x00,
0x00,0x00,0x02,0x00,0x00,0x00,0x00,0x00,0x00,0x00,0x00,0x01,0x00,0x00,0x00,0x00,0x00,0x00,0x00,0x00,
0x04,0x00,0x00,0x00,0x0f,0x00,0x01,0x00,0x00,0x00,0x5f,0x00,0x00,0x00,0x00,0x06,0x00,0x01,0x00,0x00,
0x00,0x2c,0x0f,0x00,0x01,0x00,0x00,0x00,0x5f,0x00,0x00,0x00,0x00,0x0f,0x00,0x0a,0x00,0x00,0x00,0x45,
0x58,0x50,0x52,0x45,0x53,0x53,0x49,0x4f,0x4e,0x00,0x00,0x00,0x00,0x0f,0x00,0x01,0x00,0x00,0x00,0x5f,
0x00,0x00,0x00,0x00,0x06,0x00,0x01,0x00,0x00,0x00,0x29,0x0e,0x00,0x00,0x00,0x50,0x4f,0x57,0x45,0x52,
0x5f,0x4f,0x50,0x45,0x52,0x41,0x54,0x4f,0x52,0x08,0x00,0x00,0x00,0x00,0x00,0x00,0x00,0x00,0x00,0x00,
0x00,0x00,0x06,0x00,0x02,0x00,0x00,0x00,0x2a,0x2a,0x0e,0x00,0x00,0x00,0x53,0x48,0x49,0x46,0x54,0x5f,
0x4f,0x50,0x45,0x52,0x41,0x54,0x4f,0x52,0x08,0x00,0x00,0x00,0x00,0x00,0x00,0x00,0x00,0x00,0x00,0x00,
0x00,0x0c,0x01,0x00,0x02,0x00,0x00,0x00,0x06,0x00,0x02,0x00,0x00,0x00,0x3c,0x3c,0x06,0x00,0x02,0x00,
0x00,0x00,0x3e,0x3e,0x10,0x00,0x00,0x00,0x42,0x49,0x54,0x5f,0x58,0x4f,0x52,0x5f,0x4f,0x50,0x45,0x52,
0x41,0x54,0x4f,0x52,0x08,0x00,0x00,0x00,0x00,0x00,0x00,0x00,0x00,0x00,0x00,0x00,0x00,0x0c,0x06,0x00,
0x01,0x00,0x00,0x00,0x5e,0x12,0x00,0x00,0x00,0x55,0x4e,0x41,0x52,0x59,0x5f,0x4e,0x4f,0x54,0x5f,0x4f,
0x50,0x45,0x52,0x41,0x54,0x4f,0x52,0x08,0x00,0x00,0x00,0x00,0x00,0x00,0x00,0x00,0x00,0x00,0x00,0x00,
0x06,0x00,0x01,0x00,0x00,0x00,0x21,0x14,0x00,0x00,0x00,0x55,0x4e,0x41,0x52,0x59,0x5f,0x4d,0x49,0x4e,
0x55,0x53,0x5f,0x4f,0x50,0x45,0x52,0x41,0x54,0x4f,0x52,0x08,0x00,0x00,0x00,0x00,0x00,0x00,0x00,0x00,
0x00,0x00,0x00,0x00,0x06,0x00,0x01,0x00,0x00,0x00,0x2d,0x13,0x00,0x00,0x00,0x55,0x4e,0x41,0x52,0x59,
0x5f,0x50,0x4c,0x55,0x53,0x5f,0x4f,0x50,0x45,0x52,0x41,0x54,0x4f,0x52,0x08,0x00,0x00,0x00,0x00,0x00,
0x00,0x00,0x00,0x00,0x00,0x00,0x00,0x06,0x00,0x01,0x00,0x00,0x00,0x2b,0x04,0x00,0x00,0x00,0x66,0x72,
0x6f,0x6d,0x09,0x00,0x00,0x00,0x00,0x00,0x00,0x00,0x00,0x00,0x00,0x00,0x00,0x0f,0x01,0x01,0x00,0x00,
0x00,0x4b,0x01,0x00,0x00,0x00,0x06,0x00,0x04,0x00,0x00,0x00,0x66,0x72,0x6f,0x6d,0x0e,0x00,0x00,0x00,
0x52,0x41,0x4e,0x47,0x45,0x5f,0x4f,0x50,0x45,0x52,0x41,0x54,0x4f,0x52,0x08,0x00,0x00,0x00,0x00,0x00,
0x00,0x00,0x00,0x00,0x00,0x00,0x00,0x0c,0x01,0x00,0x02,0x00,0x00,0x00,0x06,0x00,0x03,0x00,0x00,0x00,
0x2e,0x2e,0x3d,0x06,0x00,0x02,0x00,0x00,0x00,0x2e,0x2e,0x12,0x00,0x00,0x00,0x43,0x4f,0x4e,0x44,0x49,
0x54,0x49,0x4f,0x4e,0x5f,0x4f,0x50,0x45,0x52,0x41,0x54,0x4f,0x52,0x08,0x00,0x00,0x00,0x00,0x00,0x00,
0x00,0x00,0x00,0x00,0x00,0x00,0x01,0x00,0x06,0x00,0x00,0x00,0x06,0x00,0x02,0x00,0x00,0x00,0x3d,0x3d,
0x06,0x00,0x02,0x00,0x00,0x00,0x21,0x3d,0x06,0x00,0x02,0x00,0x00,0x00,0x3c,0x3d,0x06,0x00,0x01,0x00,
0x00,0x00,0x3c,0x06,0x00,0x02,0x00,0x00,0x00,0x3e,0x3d,0x06,0x00,0x01,0x00,0x00,0x00,0x3e,0x0b,0x00,
0x00,0x00,0x52,0x45,0x54,0x55,0x52,0x4e,0x5f,0x54,0x59,0x50,0x45,0x08,0x00,0x00,0x00,0x00,0x00,0x00,
0x00,0x00,0x00,0x00,0x00,0x00,0x00,0x03,0x00,0x00,0x00,0x06,0x00,0x02,0x00,0x00,0x00,0x2d,0x3e,0x0f,
0x00,0x01,0x00,0x00,0x00,0x5f,0x00,0x00,0x00,0x00,0x0c,0x0f,0x00,0x08,0x00,0x00,0x00,0x54,0x59,0x50,
0x45,0x5f,0x52,0x45,0x46,0x00,0x00,0x00,0x00,0x0f,0x00,0x00,0x00,0x54,0x59,0x50,0x45,0x5f,0x41,0x4e,
0x4e,0x4f,0x54,0x41,0x54,0x49,0x4f,0x4e,0x08,0x00,0x00,0x00,0x00,0x00,0x00,0x00,0x00,0x00,0x00,0x00,
0x00,0x00,0x03,0x00,0x00,0x00,0x06,0x00,0x01,0x00,0x00,0x00,0x3a,0x0f,0x00,0x01,0x00,0x00,0x00,0x5f,
0x00,0x00,0x00,0x00,0x0c,0x0f,0x00,0x08,0x00,0x00,0x00,0x54,0x59,0x50,0x45,0x5f,0x52,0x45,0x46,0x00,
0x00,0x00,0x00,0x08,0x00,0x00,0x00,0x54,0x59,0x50,0x45,0x5f,0x52,0x45,0x46,0x08,0x00,0x00,0x00,0x00,
0x00,0x00,0x00,0x00,0x00,0x00,0x00,0x00,0x00,0x02,0x00,0x00,0x00,0x0f,0x00,0x09,0x00,0x00,0x00,0x54,
0x59,0x50,0x45,0x5f,0x41,0x54,0x4f,0x4d,0x00,0x00,0x00,0x00,0x02,0x00,0x00,0x00,0x00,0x00,0x00,0x00,
0x00,0xff,0xff,0xff,0xff,0xff,0xff,0xff,0xff,0x00,0x04,0x00,0x00,0x00,0x0f,0x00,0x04,0x00,0x00,0x00,
0x5f,0x73,0x70,0x5f,0x00,0x00,0x00,0x00,0x06,0x00,0x01,0x00,0x00,0x00,0x7c,0x0f,0x00,0x04,0x00,0x00,
0x00,0x5f,0x73,0x70,0x5f,0x00,0x00,0x00,0x00,0x0f,0x00,0x09,0x00,0x00,0x00,0x54,0x59,0x50,0x45,0x5f,
0x41,0x54,0x4f,0x4d,0x00,0x00,0x00,0x00,0x05,0x00,0x00,0x00,0x42,0x4c,0x4f,0x43,0x4b,0x08,0x00,0x00,
0x00,0x00,0x00,0x00,0x00,0x00,0x00,0x00,0x00,0x00,0x00,0x05,0x00,0x00,0x00,0x06,0x00,0x01,0x00,0x00,
0x00,0x7b,0x0f,0x00,0x01,0x00,0x00,0x00,0x5f,0x00,0x00,0x00,0x00,0x0f,0x00,0x0a,0x00,0x00,0x00,0x53,
0x54,0x41,0x54,0x45,0x4d,0x45,0x4e,0x54,0x53,0x00,0x00,0x00,0x00,0x0f,0x00,0x01,0x00,0x00,0x00,0x5f,
0x00,0x00,0x00,0x00,0x06,0x00,0x01,0x00,0x00,0x00,0x7d,0x08,0x00,0x00,0x00,0x54,0x59,0x50,0x45,0x5f,
0x41,0x52,0x47,0x08,0x00,0x00,0x00,0x00,0x00,0x00,0x00,0x00,0x00,0x00,0x00,0x00,0x01,0x00,0x02,0x00,
0x00,0x00,0x0f,0x00,0x08,0x00,0x00,0x00,0x54,0x59,0x50,0x45,0x5f,0x52,0x45,0x46,0x00,0x00,0x00,0x00,
0x02,0x01,0x00,0x00,0x00,0x00,0x00,0x00,0x00,0xff,0xff,0xff,0xff,0xff,0xff,0xff,0xff,0x07,0x00,0x00,
0x01,0x00,0x00,0x00,0x30,0x00,0x00,0x00,0x39,0x00,0x00,0x00,0x09,0x00,0x00,0x00,0x54,0x59,0x50,0x45,
0x5f,0x4e,0x41,0x4d,0x45,0x08,0x00,0x00,0x00,0x00,0x00,0x00,0x00,0x00,0x00,0x00,0x00,0x00,0x00,0x04,
0x00,0x00,0x00,0x07,0x00,0x00,0x01,0x00,0x00,0x00,0x41,0x00,0x00,0x00,0x5a,0x00,0x00,0x00,0x02,0x00,
0x00,0x00,0x00,0x00,0x00,0x00,0x00,0xff,0xff,0xff,0xff,0xff,0xff,0xff,0xff,0x07,0x00,0x00,0x04,0x00,
0x00,0x00,0x61,0x00,0x00,0x00,0x7a,0x00,0x00,0x00,0x41,0x00,0x00,0x00,0x5a,0x00,0x00,0x00,0x5f,0x00,
0x00,0x00,0x5f,0x00,0x00,0x00,0x30,0x00,0x00,0x00,0x39,0x00,0x00,0x00,0x02,0x00,0x00,0x00,0x00,0x00,
0x00,0x00,0x00,0x01,0x00,0x00,0x00,0x00,0x00,0x00,0x00,0x00,0x07,0x00,0x00,0x00,0x0f,0x00,0x04,0x00,
0x00,0x00,0x5f,0x73,0x70,0x5f,0x00,0x00,0x00,0x00,0x06,0x00,0x01,0x00,0x00,0x00,0x3c,0x0f,0x00,0x04,
0x00,0x00,0x00,0x5f,0x73,0x70,0x5f,0x00,0x00,0x00,0x00,0x0f,0x00,0x08,0x00,0x00,0x00,0x54,0x59,0x50,
0x45,0x5f,0x41,0x52,0x47,0x00,0x00,0x00,0x00,0x02,0x00,0x00,0x00,0x00,0x00,0x00,0x00,0x00,0xff,0xff,
0xff,0xff,0xff,0xff,0xff,0xff,0x00,0x04,0x00,0x00,0x00,0x0f,0x00,0x04,0x00,0x00,0x00,0x5f,0x73,0x70,
0x5f,0x00,0x00,0x00,0x00,0x06,0x00,0x01,0x00,0x00,0x00,0x2c,0x0f,0x00,0x04,0x00,0x00,0x00,0x5f,0x73,
0x70,0x5f,0x00,0x00,0x00,0x00,0x0f,0x00,0x08,0x00,0x00,0x00,0x54,0x59,0x50,0x45,0x5f,0x41,0x52,0x47,
0x00,0x00,0x00,0x00,0x0f,0x00,0x04,0x00,0x00,0x00,0x5f,0x73,0x70,0x5f,0x00,0x00,0x00,0x00,0x06,0x00,
0x01,0x00,0x00,0x00,0x3e,0x02,0x00,0x00,0x00,0x00,0x00,0x00,0x00,0x00,0x01,0x00,0x00,0x00,0x00,0x00,
0x00,0x00,0x06,0x00,0x01,0x00,0x00,0x00,0x3f,0x09,0x00,0x00,0x00,0x54,0x59,0x50,0x45,0x5f,0x41,0x54,
0x4f,0x4d,0x08,0x00,0x00,0x00,0x00,0x00,0x00,0x00,0x00,0x00,0x00,0x00,0x00,0x01,0x00,0x02,0x00,0x00,
0x00,0x0f,0x00,0x07,0x00,0x00,0x00,0x46,0x4e,0x5f,0x54,0x59,0x50,0x45,0x00,0x00,0x00,0x00,0x0f,0x00,
0x09,0x00,0x00,0x00,0x54,0x59,0x50,0x45,0x5f,0x4e,0x41,0x4d,0x45,0x00,0x00,0x00,0x00,0x07,0x00,0x00,
0x00,0x46,0x4e,0x5f,0x54,0x59,0x50,0x45,0x08,0x00,0x00,0x00,0x00,0x00,0x00,0x00,0x00,0x00,0x00,0x00,
0x00,0x00,0x0b,0x00,0x00,0x00,0x0f,0x00,0x02,0x00,0x00,0x00,0x66,0x6e,0x00,0x00,0x00,0x00,0x0f,0x00,
0x04,0x00,0x00,0x00,0x5f,0x73,0x70,0x5f,0x00,0x00,0x00,0x00,0x06,0x00,0x01,0x00,0x00,0x00,0x28,0x0f,
0x00,0x04,0x00,0x00,0x00,0x5f,0x73,0x70,0x5f,0x00,0x00,0x00,0x00,0x02,0x00,0x00,0x00,0x00,0x00,0x00,
0x00,0x00,0x01,0x00,0x00,0x00,0x00,0x00,0x00,0x00,0x00,0x02,0x00,0x00,0x00,0x0f,0x00,0x08,0x00,0x00,
0x00,0x54,0x59,0x50,0x45,0x5f,0x52,0x45,0x46,0x00,0x00,0x00,0x00,0x02,0x00,0x00,0x00,0x00,0x00,0x00,
0x00,0x00,0xff,0xff,0xff,0xff,0xff,0xff,0xff,0xff,0x00,0x04,0x00,0x00,0x00,0x0f,0x00,0x04,0x00,0x00,
0x00,0x5f,0x73,0x70,0x5f,0x00,0x00,0x00,0x00,0x06,0x00,0x01,0x00,0x00,0x00,0x2c,0x0f,0x00,0x04,0x00,
0x00,0x00,0x5f,0x73,0x70,0x5f,0x00,0x00,0x00,0x00,0x0f,0x00,0x08,0x00,0x00,0x00,0x54,0x59,0x50,0x45,
0x5f,0x52,0x45,0x46,0x00,0x00,0x00,0x00,0x0f,0x00,0x04,0x00,0x00,0x00,0x5f,0x73,0x70,0x5f,0x00,0x00,
0x00,0x00,0x06,0x00,0x01,0x00,0x00,0x00,0x29,0x0f,0x00,0x04,0x00,0x00,0x00,0x5f,0x73,0x70,0x5f,0x00,
0x00,0x00,0x00,0x06,0x00,0x02,0x00,0x00,0x00,0x2d,0x3e,0x0f,0x00,0x04,0x00,0x00,0x00,0x5f,0x73,0x70,
0x5f,0x00,0x00,0x00,0x00,0x0f,0x00,0x09,0x00,0x00,0x00,0x54,0x59,0x50,0x45,0x5f,0x41,0x54,0x4f,0x4d,
0x00,0x00,0x00,0x00,0x0f,0x00,0x00,0x00,0x42,0x49,0x54,0x5f,0x4f,0x52,0x5f,0x4f,0x50,0x45,0x52,0x41,
0x54,0x4f,0x52,0x08,0x00,0x00,0x00,0x00,0x00,0x00,0x00,0x00,0x00,0x00,0x00,0x00,0x0c,0x00,0x02,0x00,
0x00,0x00,0x06,0x00,0x01,0x00,0x00,0x00,0x7c,0x04,0x06,0x00,0x01,0x00,0x00,0x00,0x7c,0x0d,0x00,0x00,
0x00,0x44,0x45,0x46,0x41,0x55,0x4c,0x54,0x5f,0x56,0x41,0x4c,0x55,0x45,0x08,0x00,0x00,0x00,0x00,0x00,
0x00,0x00,0x00,0x00,0x00,0x00,0x00,0x0f,0x00,0x0d,0x00,0x00,0x00,0x4e,0x44,0x5f,0x45,0x58,0x50,0x52,
0x45,0x53,0x53,0x49,0x4f,0x4e,0x00,0x00,0x00,0x00,0x0b,0x00,0x00,0x00,0x4b,0x57,0x5f,0x4f,0x4e,0x4c,
0x59,0x5f,0x53,0x45,0x50,0x08,0x00,0x00,0x00,0x00,0x00,0x00,0x00,0x00,0x00,0x00,0x00,0x00,0x00,0x02,
0x00,0x00,0x00,0x06,0x00,0x01,0x00,0x00,0x00,0x2a,0x04,0x06,0x00,0x01,0x00,0x00,0x00,0x2a,0x09,0x00,
0x00,0x00,0x49,0x64,0x65,0x6e,0x74,0x43,0x68,0x61,0x72,0x08,0x00,0x00,0x00,0x00,0x00,0x00,0x00,0x00,
0x00,0x00,0x00,0x00,0x07,0x00,0x00,0x04,0x00,0x00,0x00,0x61,0x00,0x00,0x00,0x7a,0x00,0x00,0x00,0x41,
0x00,0x00,0x00,0x5a,0x00,0x00,0x00,0x30,0x00,0x00,0x00,0x39,0x00,0x00,0x00,0x5f,0x00,0x00,0x00,0x5f,
0x00,0x00,0x00,0x04,0x00,0x00,0x00,0x65,0x6c,0x73,0x65,0x09,0x00,0x00,0x00,0x00,0x00,0x00,0x00,0x00,
0x00,0x00,0x00,0x00,0x0f,0x01,0x01,0x00,0x00,0x00,0x4b,0x01,0x00,0x00,0x00,0x06,0x00,0x04,0x00,0x00,
0x00,0x65,0x6c,0x73,0x65,0x0a,0x00,0x00,0x00,0x50,0x41,0x52,0x41,0x4d,0x45,0x54,0x45,0x52,0x53,0x08,
0x00,0x00,0x00,0x00,0x00,0x00,0x00,0x00,0x00,0x00,0x00,0x00,0x00,0x05,0x00,0x00,0x00,0x06,0x00,0x01,
0x00,0x00,0x00,0x28,0x0f,0x00,0x01,0x00,0x00,0x00,0x5f,0x00,0x00,0x00,0x00,0x02,0x00,0x00,0x00,0x00,
0x00,0x00,0x00,0x00,0x01,0x00,0x00,0x00,0x00,0x00,0x00,0x00,0x00,0x04,0x00,0x00,0x00,0x0f,0x00,0x09,
0x00,0x00,0x00,0x50,0x41,0x52,0x41,0x4d,0x45,0x54,0x45,0x52,0x00,0x00,0x00,0x00,0x02,0x00,0x00,0x00,
0x00,0x00,0x00,0x00,0x00,0xff,0xff,0xff,0xff,0xff,0xff,0xff,0xff,0x00,0x04,0x00,0x00,0x00,0x0f,0x00,
0x01,0x00,0x00,0x00,0x5f,0x00,0x00,0x00,0x00,0x06,0x00,0x01,0x00,0x00,0x00,0x2c,0x0f,0x00,0x01,0x00,
0x00,0x00,0x5f,0x00,0x00,0x00,0x00,0x0f,0x00,0x09,0x00,0x00,0x00,0x50,0x41,0x52,0x41,0x4d,0x45,0x54,
0x45,0x52,0x00,0x00,0x00,0x00,0x0f,0x00,0x01,0x00,0x00,0x00,0x5f,0x00,0x00,0x00,0x00,0x02,0x00,0x00,
0x00,0x00,0x00,0x00,0x00,0x00,0x01,0x00,0x00,0x00,0x00,0x00,0x00,0x00,0x06,0x00,0x01,0x00,0x00,0x00,
0x2c,0x0f,0x00,0x01,0x00,0x00,0x00,0x5f,0x00,0x00,0x00,0x00,0x06,0x00,0x01,0x00,0x00,0x00,0x29,0x0d,
0x00,0x00,0x00,0x4c,0x41,0x4d,0x42,0x44,0x41,0x5f,0x50,0x41,0x52,0x41,0x4d,0x53,0x08,0x00,0x00,0x00,
0x00,0x00,0x00,0x00,0x00,0x00,0x00,0x00,0x00,0x00,0x05,0x00,0x00,0x00,0x06,0x00,0x01,0x00,0x00,0x00,
0x7c,0x0f,0x00,0x01,0x00,0x00,0x00,0x5f,0x00,0x00,0x00,0x00,0x02,0x00,0x00,0x00,0x00,0x00,0x00,0x00,
0x00,0x01,0x00,0x00,0x00,0x00,0x00,0x00,0x00,0x00,0x04,0x00,0x00,0x00,0x0f,0x00,0x09,0x00,0x00,0x00,
0x50,0x41,0x52,0x41,0x4d,0x45,0x54,0x45,0x52,0x00,0x00,0x00,0x00,0x02,0x00,0x00,0x00,0x00,0x00,0x00,
0x00,0x00,0xff,0xff,0xff,0xff,0xff,0xff,0xff,0xff,0x00,0x04,0x00,0x00,0x00,0x0f,0x00,0x01,0x00,0x00,
0x00,0x5f,0x00,0x00,0x00,0x00,0x06,0x00,0x01,0x00,0x00,0x00,0x2c,0x0f,0x00,0x01,0x00,0x00,0x00,0x5f,
0x00,0x00,0x00,0x00,0x0f,0x00,0x09,0x00,0x00,0x00,0x50,0x41,0x52,0x41,0x4d,0x45,0x54,0x45,0x52,0x00,
0x00,0x00,0x00,0x0f,0x00,0x01,0x00,0x00,0x00,0x5f,0x00,0x00,0x00,0x00,0x02,0x00,0x00,0x00,0x00,0x00,
0x00,0x00,0x00,0x01,0x00,0x00,0x00,0x00,0x00,0x00,0x00,0x06,0x00,0x01,0x00,0x00,0x00,0x2c,0x0f,0x00,
0x01,0x00,0x00,0x00,0x5f,0x00,0x00,0x00,0x00,0x06,0x00,0x01,0x00,0x00,0x00,0x7c,0x07,0x00,0x00,0x00,
0x4d,0x55,0x54,0x41,0x42,0x4c,0x45,0x48,0x00,0x00,0x00,0x00,0x00,0x00,0x00,0x00,0x00,0x00,0x00,0x00,
0x02,0x00,0x00,0x00,0x00,0x00,0x00,0x00,0x00,0x01,0x00,0x00,0x00,0x00,0x00,0x00,0x00,0x0f,0x01,0x01,
0x00,0x00,0x00,0x4b,0x01,0x00,0x00,0x00,0x06,0x00,0x03,0x00,0x00,0x00,0x6d,0x75,0x74,0x06,0x00,0x00,
0x00,0x4c,0x41,0x4d,0x42,0x44,0x41,0x08,0x00,0x00,0x00,0x00,0x00,0x00,0x00,0x00,0x00,0x00,0x00,0x00,
0x00,0x03,0x00,0x00,0x00,0x0f,0x00,0x0d,0x00,0x00,0x00,0x4c,0x41,0x4d,0x42,0x44,0x41,0x5f,0x50,0x41,
0x52,0x41,0x4d,0x53,0x00,0x00,0x00,0x00,0x0f,0x00,0x01,0x00,0x00,0x00,0x5f,0x00,0x00,0x00,0x00,0x0f,
0x00,0x0a,0x00,0x00,0x00,0x45,0x58,0x50,0x52,0x45,0x53,0x53,0x49,0x4f,0x4e,0x00,0x00,0x00,0x00,0x08,
0x00,0x00,0x00,0x46,0x55,0x4e,0x43,0x54,0x49,0x4f,0x4e,0x08,0x00,0x00,0x00,0x00,0x00,0x00,0x00,0x00,
0x00,0x00,0x00,0x00,0x00,0x06,0x00,0x00,0x00,0x0f,0x00,0x02,0x00,0x00,0x00,0x66,0x6e,0x00,0x00,0x00,
0x00,0x0f,0x00,0x01,0x00,0x00,0x00,0x5f,0x00,0x00,0x00,0x00,0x0f,0x00,0x0a,0x00,0x00,0x00,0x50,0x41,
0x52,0x41,0x4d,0x45,0x54,0x45,0x52,0x53,0x00,0x00,0x00,0x00,0x02,0x00,0x00,0x00,0x00,0x00,0x00,0x00,
0x00,0x01,0x00,0x00,0x00,0x00,0x00,0x00,0x00,0x00,0x02,0x00,0x00,0x00,0x0f,0x00,0x01,0x00,0x00,0x00,
0x5f,0x00,0x00,0x00,0x00,0x0f,0x00,0x0b,0x00,0x00,0x00,0x52,0x45,0x54,0x55,0x52,0x4e,0x5f,0x54,0x59,
0x50,0x45,0x00,0x00,0x00,0x00,0x0f,0x00,0x01,0x00,0x00,0x00,0x5f,0x00,0x00,0x00,0x00,0x0f,0x00,0x05,
0x00,0x00,0x00,0x42,0x4c,0x4f,0x43,0x4b,0x00,0x00,0x00,0x00,0x05,0x00,0x00,0x00,0x54,0x55,0x50,0x4c,
0x45,0x08,0x00,0x00,0x00,0x00,0x00,0x00,0x00,0x00,0x00,0x00,0x00,0x00,0x01,0x00,0x02,0x00,0x00,0x00,
0x00,0x0c,0x00,0x00,0x00,0x06,0x00,0x01,0x00,0x00,0x00,0x28,0x0f,0x00,0x01,0x00,0x00,0x00,0x5f,0x00,
0x00,0x00,0x00,0x0f,0x00,0x0a,0x00,0x00,0x00,0x45,0x58,0x50,0x52,0x45,0x53,0x53,0x49,0x4f,0x4e,0x00,
0x00,0x00,0x00,0x0f,0x00,0x01,0x00,0x00,0x00,0x5f,0x00,0x00,0x00,0x00,0x06,0x00,0x01,0x00,0x00,0x00,
0x2c,0x0f,0x00,0x01,0x00,0x00,0x00,0x5f,0x00,0x00,0x00,0x00,0x0f,0x00,0x0a,0x00,0x00,0x00,0x45,0x58,
0x50,0x52,0x45,0x53,0x53,0x49,0x4f,0x4e,0x00,0x00,0x00,0x00,0x02,0x00,0x00,0x00,0x00,0x00,0x00,0x00,
0x00,0xff,0xff,0xff,0xff,0xff,0xff,0xff,0xff,0x00,0x04,0x00,0x00,0x00,0x0f,0x00,0x01,0x00,0x00,0x00,
0x5f,0x00,0x00,0x00,0x00,0x06,0x00,0x01,0x00,0x00,0x00,0x2c,0x0f,0x00,0x01,0x00,0x00,0x00,0x5f,0x00,
0x00,0x00,0x00,0x0f,0x00,0x0a,0x00,0x00,0x00,0x45,0x58,0x50,0x52,0x45,0x53,0x53,0x49,0x4f,0x4e,0x00,
0x00,0x00,0x00,0x0f,0x00,0x01,0x00,0x00,0x00,0x5f,0x00,0x00,0x00,0x00,0x02,0x00,0x00,0x00,0x00,0x00,
0x00,0x00,0x00,0x01,0x00,0x00,0x00,0x00,0x00,0x00,0x00,0x06,0x00,0x01,0x00,0x00,0x00,0x2c,0x0f,0x00,
0x01,0x00,0x00,0x00,0x5f,0x00,0x00,0x00,0x00,0x06,0x00,0x01,0x00,0x00,0x00,0x29,0x00,0x07,0x00,0x00,
0x00,0x06,0x00,0x01,0x00,0x00,0x00,0x28,0x0f,0x00,0x01,0x00,0x00,0x00,0x5f,0x00,0x00,0x00,0x00,0x0f,
0x00,0x0a,0x00,0x00,0x00,0x45,0x58,0x50,0x52,0x45,0x53,0x53,0x49,0x4f,0x4e,0x00,0x00,0x00,0x00,0x0f,
0x00,0x01,0x00,0x00,0x00,0x5f,0x00,0x00,0x00,0x00,0x06,0x00,0x01,0x00,0x00,0x00,0x2c,0x0f,0x00,0x01,
0x00,0x00,0x00,0x5f,0x00,0x00,0x00,0x00,0x06,0x00,0x01,0x00,0x00,0x00,0x29,0x07,0x00,0x00,0x00,0x50,
0x52,0x49,0x4d,0x41,0x52,0x59,0x08,0x00,0x00,0x00,0x00,0x00,0x00,0x00,0x00,0x00,0x00,0x00,0x00,0x01,
0x00,0x16,0x00,0x00,0x00,0x0f,0x00,0x05,0x00,0x00,0x00,0x57,0x48,0x49,0x4c,0x45,0x00,0x00,0x00,0x00,
0x0f,0x00,0x03,0x00,0x00,0x00,0x46,0x4f,0x52,0x00,0x00,0x00,0x00,0x0f,0x00,0x02,0x00,0x00,0x00,0x49,
0x46,0x00,0x00,0x00,0x00,0x0f,0x00,0x05,0x00,0x00,0x00,0x4d,0x41,0x54,0x43,0x48,0x00,0x00,0x00,0x00,
0x0f,0x00,0x04,0x00,0x00,0x00,0x43,0x4f,0x4e,0x44,0x00,0x00,0x00,0x00,0x0f,0x00,0x08,0x00,0x00,0x00,
0x46,0x55,0x4e,0x43,0x54,0x49,0x4f,0x4e,0x00,0x00,0x00,0x00,0x0f,0x00,0x06,0x00,0x00,0x00,0x4c,0x41,
0x4d,0x42,0x44,0x41,0x00,0x00,0x00,0x00,0x0f,0x00,0x06,0x00,0x00,0x00,0x4f,0x42,0x4a,0x45,0x43,0x54,
0x00,0x00,0x00,0x00,0x0f,0x00,0x03,0x00,0x00,0x00,0x53,0x45,0x54,0x00,0x00,0x00,0x00,0x0f,0x00,0x05,
0x00,0x00,0x00,0x41,0x52,0x52,0x41,0x59,0x00,0x00,0x00,0x00,0x0f,0x00,0x03,0x00,0x00,0x00,0x4e,0x49,
0x4c,0x00,0x00,0x00,0x00,0x0f,0x00,0x07,0x00,0x00,0x00,0x42,0x4f,0x4f,0x4c,0x45,0x41,0x4e,0x00,0x00,
0x00,0x00,0x0f,0x00,0x05,0x00,0x00,0x00,0x46,0x4c,0x4f,0x41,0x54,0x00,0x00,0x00,0x00,0x0f,0x00,0x06,
0x00,0x00,0x00,0x4e,0x55,0x4d,0x42,0x45,0x52,0x00,0x00,0x00,0x00,0x0f,0x00,0x09,0x00,0x00,0x00,0x52,
0x45,0x47,0x45,0x58,0x5f,0x4c,0x49,0x54,0x00,0x00,0x00,0x00,0x0f,0x00,0x0a,0x00,0x00,0x00,0x49,0x44,
0x45,0x4e,0x54,0x49,0x46,0x49,0x45,0x52,0x00,0x00,0x00,0x00,0x0f,0x00,0x0d,0x00,0x00,0x00,0x54,0x52,
0x49,0x50,0x4c,0x45,0x5f,0x53,0x54,0x52,0x49,0x4e,0x47,0x00,0x00,0x00,0x00,0x0f,0x00,0x06,0x00,0x00,
0x00,0x53,0x54,0x52,0x49,0x4e,0x47,0x00,0x00,0x00,0x00,0x0f,0x00,0x0a,0x00,0x00,0x00,0x52,0x41,0x57,
0x5f,0x53,0x54,0x52,0x49,0x4e,0x47,0x00,0x00,0x00,0x00,0x0f,0x00,0x13,0x00,0x00,0x00,0x49,0x4e,0x54,
0x45,0x52,0x50,0x4f,0x4c,0x41,0x54,0x45,0x44,0x5f,0x53,0x54,0x52,0x49,0x4e,0x47,0x00,0x00,0x00,0x00,
0x0f,0x00,0x05,0x00,0x00,0x00,0x54,0x55,0x50,0x4c,0x45,0x00,0x00,0x00,0x00,0x00,0x05,0x00,0x00,0x00,
0x06,0x00,0x01,0x00,0x00,0x00,0x28,0x0f,0x00,0x01,0x00,0x00,0x00,0x5f,0x00,0x00,0x00,0x00,0x0f,0x00,
0x0a,0x00,0x00,0x00,0x45,0x58,0x50,0x52,0x45,0x53,0x53,0x49,0x4f,0x4e,0x00,0x00,0x00,0x00,0x0f,0x00,
0x01,0x00,0x00,0x00,0x5f,0x00,0x00,0x00,0x00,0x06,0x00,0x01,0x00,0x00,0x00,0x29,0x10,0x00,0x00,0x00,
0x4f,0x42,0x4a,0x45,0x43,0x54,0x5f,0x50,0x41,0x54,0x5f,0x45,0x4e,0x54,0x52,0x59,0x08,0x00,0x00,0x00,
0x00,0x00,0x00,0x00,0x00,0x00,0x00,0x00,0x00,0x01,0x00,0x02,0x00,0x00,0x00,0x00,0x05,0x00,0x00,0x00,
0x0f,0x00,0x0a,0x00,0x00,0x00,0x49,0x44,0x45,0x4e,0x54,0x49,0x46,0x49,0x45,0x52,0x00,0x00,0x00,0x00,
0x0f,0x00,0x01,0x00,0x00,0x00,0x5f,0x00,0x00,0x00,0x00,0x06,0x00,0x01,0x00,0x00,0x00,0x3a,0x0f,0x00,
0x01,0x00,0x00,0x00,0x5f,0x00,0x00,0x00,0x00,0x0f,0x00,0x07,0x00,0x00,0x00,0x50,0x41,0x54,0x54,0x45,
0x52,0x4e,0x00,0x00,0x00,0x00,0x0f,0x00,0x0a,0x00,0x00,0x00,0x49,0x44,0x45,0x4e,0x54,0x49,0x46,0x49,
0x45,0x52,0x00,0x00,0x00,0x00,0x0b,0x00,0x00,0x00,0x54,0x59,0x50,0x45,0x44,0x5f,0x49,0x44,0x45,0x4e,
0x54,0x08,0x00,0x00,0x00,0x00,0x00,0x00,0x00,0x00,0x00,0x00,0x00,0x00,0x00,0x03,0x00,0x00,0x00,0x0f,
0x00,0x0a,0x00,0x00,0x00,0x49,0x44,0x45,0x4e,0x54,0x49,0x46,0x49,0x45,0x52,0x00,0x00,0x00,0x00,0x0f,
0x00,0x01,0x00,0x00,0x00,0x5f,0x00,0x00,0x00,0x00,0x0f,0x00,0x0f,0x00,0x00,0x00,0x54,0x59,0x50,0x45,
0x5f,0x41,0x4e,0x4e,0x4f,0x54,0x41,0x54,0x49,0x4f,0x4e,0x00,0x00,0x00,0x00,0x0e,0x00,0x00,0x00,0x4f,
0x42,0x4a,0x45,0x43,0x54,0x5f,0x50,0x41,0x54,0x54,0x45,0x52,0x4e,0x08,0x00,0x00,0x00,0x00,0x00,0x00,
0x00,0x00,0x00,0x00,0x00,0x00,0x00,0x05,0x00,0x00,0x00,0x06,0x00,0x01,0x00,0x00,0x00,0x7b,0x0f,0x00,
0x01,0x00,0x00,0x00,0x5f,0x00,0x00,0x00,0x00,0x02,0x00,0x00,0x00,0x00,0x00,0x00,0x00,0x00,0x01,0x00,
0x00,0x00,0x00,0x00,0x00,0x00,0x00,0x04,0x00,0x00,0x00,0x0f,0x00,0x10,0x00,0x00,0x00,0x4f,0x42,0x4a,
0x45,0x43,0x54,0x5f,0x50,0x41,0x54,0x5f,0x45,0x4e,0x54,0x52,0x59,0x00,0x00,0x00,0x00,0x02,0x00,0x00,
0x00,0x00,0x00,0x00,0x00,0x00,0xff,0xff,0xff,0xff,0xff,0xff,0xff,0xff,0x00,0x04,0x00,0x00,0x00,0x0f,
0x00,0x01,0x00,0x00,0x00,0x5f,0x00,0x00,0x00,0x00,0x06,0x00,0x01,0x00,0x00,0x00,0x2c,0x0f,0x00,0x01,
0x00,0x00,0x00,0x5f,0x00,0x00,0x00,0x00,0x0f,0x00,0x10,0x00,0x00,0x00,0x4f,0x42,0x4a,0x45,0x43,0x54,
0x5f,0x50,0x41,0x54,0x5f,0x45,0x4e,0x54,0x52,0x59,0x00,0x00,0x00,0x00,0x0f,0x00,0x01,0x00,0x00,0x00,
0x5f,0x00,0x00,0x00,0x00,0x02,0x00,0x00,0x00,0x00,0x00,0x00,0x00,0x00,0x01,0x00,0x00,0x00,0x00,0x00,
0x00,0x00,0x06,0x00,0x01,0x00,0x00,0x00,0x2c,0x0f,0x00,0x01,0x00,0x00,0x00,0x5f,0x00,0x00,0x00,0x00,
0x06,0x00,0x01,0x00,0x00,0x00,0x7d,0x0c,0x00,0x00,0x00,0x4d,0x55,0x4c,0x54,0x49,0x46,0x4e,0x5f,0x44,
0x45,0x43,0x4c,0x08,0x00,0x00,0x00,0x00,0x00,0x00,0x00,0x00,0x00,0x00,0x00,0x00,0x00,0x09,0x00,0x00,
0x00,0x02,0x00,0x00,0x00,0x00,0x00,0x00,0x00,0x00,0x01,0x00,0x00,0x00,0x00,0x00,0x00,0x00,0x00,0x03,
0x00,0x00,0x00,0x0f,0x00,0x09,0x00,0x00,0x00,0x44,0x45,0x43,0x4f,0x52,0x41,0x54,0x4f,0x52,0x00,0x00,
0x00,0x00,0x02,0x00,0x00,0x00,0x00,0x00,0x00,0x00,0x00,0xff,0xff,0xff,0xff,0xff,0xff,0xff,0xff,0x00,
0x02,0x00,0x00,0x00,0x0f,0x00,0x01,0x00,0x00,0x00,0x5f,0x00,0x00,0x00,0x00,0x0f,0x00,0x09,0x00,0x00,
0x00,0x44,0x45,0x43,0x4f,0x52,0x41,0x54,0x4f,0x52,0x00,0x00,0x00,0x00,0x0f,0x00,0x01,0x00,0x00,0x00,
0x5f,0x00,0x00,0x00,0x00,0x0f,0x00,0x02,0x00,0x00,0x00,0x66,0x6e,0x00,0x00,0x00,0x00,0x0f,0x00,0x01,
0x00,0x00,0x00,0x5f,0x00,0x00,0x00,0x00,0x0f,0x00,0x0a,0x00,0x00,0x00,0x43,0x4c,0x41,0x53,0x53,0x5f,
0x48,0x45,0x41,0x44,0x00,0x00,0x00,0x00,0x0f,0x00,0x01,0x00,0x00,0x00,0x5f,0x00,0x00,0x00,0x00,0x0f,
0x00,0x0a,0x00,0x00,0x00,0x50,0x41,0x52,0x41,0x4d,0x45,0x54,0x45,0x52,0x53,0x00,0x00,0x00,0x00,0x02,
0x00,0x00,0x00,0x00,0x00,0x00,0x00,0x00,0x01,0x00,0x00,0x00,0x00,0x00,0x00,0x00,0x00,0x02,0x00,0x00,
0x00,0x0f,0x00,0x01,0x00,0x00,0x00,0x5f,0x00,0x00,0x00,0x00,0x0f,0x00,0x0b,0x00,0x00,0x00,0x52,0x45,
0x54,0x55,0x52,0x4e,0x5f,0x54,0x59,0x50,0x45,0x00,0x00,0x00,0x00,0x0f,0x00,0x01,0x00,0x00,0x00,0x5f,
0x00,0x00,0x00,0x00,0x0f,0x00,0x05,0x00,0x00,0x00,0x42,0x4c,0x4f,0x43,0x4b,0x00,0x00,0x00,0x00,0x0e,
0x00,0x00,0x00,0x41,0x52,0x52,0x41,0x59,0x5f,0x50,0x41,0x54,0x5f,0x45,0x4c,0x45,0x4d,0x08,0x00,0x00,
0x00,0x00,0x00,0x00,0x00,0x00,0x00,0x00,0x00,0x00,0x01,0x00,0x02,0x00,0x00,0x00,0x0f,0x00,0x0c,0x00,
0x00,0x00,0x52,0x45,0x53,0x54,0x5f,0x50,0x41,0x54,0x54,0x45,0x52,0x4e,0x00,0x00,0x00,0x00,0x0f,0x00,
0x07,0x00,0x00,0x00,0x50,0x41,0x54,0x54,0x45,0x52,0x4e,0x00,0x00,0x00,0x00,0x09,0x00,0x00,0x00,0x43,
0x54,0x4f,0x52,0x5f,0x50,0x41,0x54,0x48,0x08,0x00,0x00,0x00,0x00,0x00,0x00,0x00,0x00,0x00,0x00,0x00,
0x00,0x0c,0x00,0x03,0x00,0x00,0x00,0x0f,0x00,0x0d,0x00,0x00,0x00,0x49,0x64,0x65,0x6e,0x74,0x49,0x6e,
0x69,0x74,0x43,0x68,0x61,0x72,0x00,0x00,0x00,0x00,0x02,0x00,0x00,0x00,0x00,0x00,0x00,0x00,0x00,0xff,
0xff,0xff,0xff,0xff,0xff,0xff,0xff,0x0f,0x00,0x09,0x00,0x00,0x00,0x49,0x64,0x65,0x6e,0x74,0x43,0x68,
0x61,0x72,0x00,0x00,0x00,0x00,0x02,0x00,0x00,0x00,0x00,0x00,0x00,0x00,0x00,0x01,0x00,0x00,0x00,0x00,
0x00,0x00,0x00,0x00,0x03,0x00,0x00,0x00,0x06,0x00,0x01,0x00,0x00,0x00,0x2e,0x0f,0x00,0x0d,0x00,0x00,
0x00,0x49,0x64,0x65,0x6e,0x74,0x49,0x6e,0x69,0x74,0x43,0x68,0x61,0x72,0x00,0x00,0x00,0x00,0x02,0x00,
0x00,0x00,0x00,0x00,0x00,0x00,0x00,0xff,0xff,0xff,0xff,0xff,0xff,0xff,0xff,0x0f,0x00,0x09,0x00,0x00,
0x00,0x49,0x64,0x65,0x6e,0x74,0x43,0x68,0x61,0x72,0x00,0x00,0x00,0x00,0x09,0x00,0x00,0x00,0x4d,0x41,
0x54,0x43,0x48,0x5f,0x41,0x52,0x4d,0x08,0x00,0x00,0x00,0x00,0x00,0x00,0x00,0x00,0x00,0x00,0x00,0x00,
0x00,0x06,0x00,0x00,0x00,0x0f,0x00,0x07,0x00,0x00,0x00,0x50,0x41,0x54,0x54,0x45,0x52,0x4e,0x00,0x00,
0x00,0x00,0x02,0x00,0x00,0x00,0x00,0x00,0x00,0x00,0x00,0x01,0x00,0x00,0x00,0x00,0x00,0x00,0x00,0x00,
0x02,0x00,0x00,0x00,0x0f,0x00,0x01,0x00,0x00,0x00,0x5f,0x00,0x00,0x00,0x00,0x0f,0x00,0x05,0x00,0x00,
0x00,0x47,0x55,0x41,0x52,0x44,0x00,0x00,0x00,0x00,0x0f,0x00,0x01,0x00,0x00,0x00,0x5f,0x00,0x00,0x00,
0x00,0x06,0x00,0x02,0x00,0x00,0x00,0x3d,0x3e,0x0f,0x00,0x01,0x00,0x00,0x00,0x5f,0x00,0x00,0x00,0x00,
0x01,0x00,0x02,0x00,0x00,0x00,0x0f,0x00,0x0a,0x00,0x00,0x00,0x45,0x58,0x50,0x52,0x45,0x53,0x53,0x49,
0x4f,0x4e,0x00,0x00,0x00,0x00,0x0f,0x00,0x05,0x00,0x00,0x00,0x42,0x4c,0x4f,0x43,0x4b,0x00,0x00,0x00,
0x00,0x05,0x00,0x00,0x00,0x52,0x41,0x4e,0x47,0x45,0x08,0x00,0x00,0x00,0x00,0x00,0x00,0x00,0x00,0x00,
0x00,0x00,0x00,0x01,0x00,0x02,0x00,0x00,0x00,0x00,0x04,0x00,0x00,0x00,0x0f,0x00,0x08,0x00,0x00,0x00,
0x41,0x44,0x44,0x49,0x54,0x49,0x56,0x45,0x00,0x00,0x00,0x00,0x0f,0x00,0x03,0x00,0x00,0x00,0x5f,0x68,
0x5f,0x00,0x00,0x00,0x00,0x0f,0x00,0x0e,0x00,0x00,0x00,0x52,0x41,0x4e,0x47,0x45,0x5f,0x4f,0x50,0x45,
0x52,0x41,0x54,0x4f,0x52,0x00,0x00,0x00,0x00,0x02,0x00,0x00,0x00,0x00,0x00,0x00,0x00,0x00,0x01,0x00,
0x00,0x00,0x00,0x00,0x00,0x00,0x00,0x02,0x00,0x00,0x00,0x0f,0x00,0x03,0x00,0x00,0x00,0x5f,0x68,0x5f,
0x00,0x00,0x00,0x00,0x0f,0x00,0x08,0x00,0x00,0x00,0x41,0x44,0x44,0x49,0x54,0x49,0x56,0x45,0x00,0x00,
0x00,0x00,0x00,0x02,0x00,0x00,0x00,0x0f,0x00,0x0e,0x00,0x00,0x00,0x52,0x41,0x4e,0x47,0x45,0x5f,0x4f,
0x50,0x45,0x52,0x41,0x54,0x4f,0x52,0x00,0x00,0x00,0x00,0x02,0x00,0x00,0x00,0x00,0x00,0x00,0x00,0x00,
0x01,0x00,0x00,0x00,0x00,0x00,0x00,0x00,0x00,0x02,0x00,0x00,0x00,0x0f,0x00,0x03,0x00,0x00,0x00,0x5f,
0x68,0x5f,0x00,0x00,0x00,0x00,0x0f,0x00,0x08,0x00,0x00,0x00,0x41,0x44,0x44,0x49,0x54,0x49,0x56,0x45,
0x00,0x00,0x00,0x00,0x08,0x00,0x00,0x00,0x57,0x49,0x4c,0x44,0x43,0x41,0x52,0x44,0x08,0x00,0x00,0x00,
0x00,0x00,0x00,0x00,0x00,0x00,0x00,0x00,0x00,0x00,0x02,0x00,0x00,0x00,0x06,0x00,0x01,0x00,0x00,0x00,
0x5f,0x04,0x0f,0x00,0x09,0x00,0x00,0x00,0x49,0x64,0x65,0x6e,0x74,0x43,0x68,0x61,0x72,0x00,0x00,0x00,
0x00,0x04,0x00,0x00,0x00,0x43,0x4f,0x4e,0x44,0x08,0x00,0x00,0x00,0x00,0x00,0x00,0x00,0x00,0x00,0x00,
0x00,0x00,0x00,0x07,0x00,0x00,0x00,0x0f,0x00,0x04,0x00,0x00,0x00,0x63,0x6f,0x6e,0x64,0x00,0x00,0x00,
0x00,0x0f,0x00,0x01,0x00,0x00,0x00,0x5f,0x00,0x00,0x00,0x00,0x06,0x00,0x01,0x00,0x00,0x00,0x7b,0x0f,
0x00,0x01,0x00,0x00,0x00,0x5f,0x00,0x00,0x00,0x00,0x02,0x00,0x00,0x00,0x00,0x00,0x00,0x00,0x00,0x01,
0x00,0x00,0x00,0x00,0x00,0x00,0x00,0x00,0x04,0x00,0x00,0x00,0x0f,0x00,0x08,0x00,0x00,0x00,0x43,0x4f,
0x4e,0x44,0x5f,0x41,0x52,0x4d,0x00,0x00,0x00,0x00,0x02,0x00,0x00,0x00,0x00,0x00,0x00,0x00,0x00,0xff,
0xff,0xff,0xff,0xff,0xff,0xff,0xff,0x00,0x04,0x00,0x00,0x00,0x0f,0x00,0x01,0x00,0x00,0x00,0x5f,0x00,
0x00,0x00,0x00,0x06,0x00,0x01,0x00,0x00,0x00,0x2c,0x0f,0x00,0x01,0x00,0x00,0x00,0x5f,0x00,0x00,0x00,
0x00,0x0f,0x00,0x08,0x00,0x00,0x00,0x43,0x4f,0x4e,0x44,0x5f,0x41,0x52,0x4d,0x00,0x00,0x00,0x00,0x0f,
0x00,0x01,0x00,0x00,0x00,0x5f,0x00,0x00,0x00,0x00,0x02,0x00,0x00,0x00,0x00,0x00,0x00,0x00,0x00,0x01,
0x00,0x00,0x00,0x00,0x00,0x00,0x00,0x06,0x00,0x01,0x00,0x00,0x00,0x2c,0x0f,0x00,0x01,0x00,0x00,0x00,
0x5f,0x00,0x00,0x00,0x00,0x06,0x00,0x01,0x00,0x00,0x00,0x7d,0x0a,0x00,0x00,0x00,0x57,0x68,0x69,0x74,
0x65,0x53,0x70,0x61,0x63,0x65,0x08,0x00,0x00,0x00,0x00,0x00,0x00,0x00,0x00,0x00,0x00,0x00,0x00,0x01,
0x00,0x02,0x00,0x00,0x00,0x0f,0x00,0x09,0x00,0x00,0x00,0x53,0x70,0x61,0x63,0x65,0x43,0x68,0x61,0x72,
0x00,0x00,0x00,0x00,0x0f,0x00,0x07,0x00,0x00,0x00,0x43,0x6f,0x6d,0x6d,0x65,0x6e,0x74,0x00,0x00,0x00,
0x00,0x0c,0x00,0x00,0x00,0x54,0x52,0x41,0x49,0x54,0x5f,0x4d,0x45,0x54,0x48,0x4f,0x44,0x08,0x00,0x00,
0x00,0x00,0x00,0x00,0x00,0x00,0x00,0x00,0x00,0x00,0x00,0x05,0x00,0x00,0x00,0x0f,0x00,0x0a,0x00,0x00,
0x00,0x49,0x44,0x45,0x4e,0x54,0x49,0x46,0x49,0x45,0x52,0x00,0x00,0x00,0x00,0x0f,0x00,0x01,0x00,0x00,
0x00,0x5f,0x00,0x00,0x00,0x00,0x0f,0x00,0x0a,0x00,0x00,0x00,0x50,0x41,0x52,0x41,0x4d,0x45,0x54,0x45,
0x52,0x53,0x00,0x00,0x00,0x00,0x02,0x00,0x00,0x00,0x00,0x00,0x00,0x00,0x00,0x01,0x00,0x00,0x00,0x00,
0x00,0x00,0x00,0x00,0x02,0x00,0x00,0x00,0x0f,0x00,0x01,0x00,0x00,0x00,0x5f,0x00,0x00,0x00,0x00,0x0f,
0x00,0x0b,0x00,0x00,0x00,0x52,0x45,0x54,0x55,0x52,0x4e,0x5f,0x54,0x59,0x50,0x45,0x00,0x00,0x00,0x00,
0x02,0x00,0x00,0x00,0x00,0x00,0x00,0x00,0x00,0x01,0x00,0x00,0x00,0x00,0x00,0x00,0x00,0x00,0x02,0x00,
0x00,0x00,0x0f,0x00,0x01,0x00,0x00,0x00,0x5f,0x00,0x00,0x00,0x00,0x0f,0x00,0x0a,0x00,0x00,0x00,0x54,
0x52,0x41,0x49,0x54,0x5f,0x42,0x4f,0x44,0x59,0x00,0x00,0x00,0x00,0x07,0x00,0x00,0x00,0x50,0x41,0x54,
0x54,0x45,0x52,0x4e,0x08,0x00,0x00,0x00,0x00,0x00,0x00,0x00,0x00,0x00,0x00,0x00,0x00,0x00,0x02,0x00,
0x00,0x00,0x0f,0x00,0x0f,0x00,0x00,0x00,0x50,0x52,0x49,0x4d,0x41,0x52,0x59,0x5f,0x50,0x41,0x54,0x54,
0x45,0x52,0x4e,0x00,0x00,0x00,0x00,0x02,0x00,0x00,0x00,0x00,0x00,0x00,0x00,0x00,0xff,0xff,0xff,0xff,
0xff,0xff,0xff,0xff,0x00,0x04,0x00,0x00,0x00,0x0f,0x00,0x01,0x00,0x00,0x00,0x5f,0x00,0x00,0x00,0x00,
0x06,0x00,0x01,0x00,0x00,0x00,0x7c,0x0f,0x00,0x01,0x00,0x00,0x00,0x5f,0x00,0x00,0x00,0x00,0x0f,0x00,
0x0f,0x00,0x00,0x00,0x50,0x52,0x49,0x4d,0x41,0x52,0x59,0x5f,0x50,0x41,0x54,0x54,0x45,0x52,0x4e,0x00,
0x00,0x00,0x00,0x02,0x00,0x00,0x00,0x66,0x6e,0x09,0x00,0x00,0x00,0x00,0x00,0x00,0x00,0x00,0x00,0x00,
0x00,0x00,0x0f,0x01,0x01,0x00,0x00,0x00,0x4b,0x01,0x00,0x00,0x00,0x06,0x00,0x02,0x00,0x00,0x00,0x66,
0x6e,0x13,0x00,0x00,0x00,0x49,0x4e,0x54,0x45,0x52,0x50,0x4f,0x4c,0x41,0x54,0x45,0x44,0x5f,0x53,0x54,
0x52,0x49,0x4e,0x47,0x08,0x00,0x00,0x00,0x00,0x00,0x00,0x00,0x00,0x00,0x00,0x00,0x00,0x00,0x03,0x00,
0x00,0x00,0x06,0x00,0x01,0x00,0x00,0x00,0x22,0x02,0x00,0x00,0x00,0x00,0x00,0x00,0x00,0x00,0xff,0xff,
0xff,0xff,0xff,0xff,0xff,0xff,0x01,0x00,0x02,0x00,0x00,0x00,0x0f,0x00,0x0b,0x00,0x00,0x00,0x49,0x4e,
0x54,0x45,0x52,0x50,0x5f,0x45,0x58,0x50,0x52,0x00,0x00,0x00,0x00,0x0f,0x00,0x14,0x00,0x00,0x00,0x49,
0x4e,0x54,0x45,0x52,0x50,0x4f,0x4c,0x41,0x54,0x45,0x44,0x5f,0x43,0x4f,0x4e,0x54,0x45,0x4e,0x54,0x00,
0x00,0x00,0x00,0x06,0x00,0x01,0x00,0x00,0x00,0x22,0x07,0x00,0x00,0x00,0x46,0x4f,0x52,0x5f,0x50,0x41,
0x54,0x08,0x00,0x00,0x00,0x00,0x00,0x00,0x00,0x00,0x00,0x00,0x00,0x00,0x01,0x00,0x04,0x00,0x00,0x00,
0x0f,0x00,0x0d,0x00,0x00,0x00,0x54,0x55,0x50,0x4c,0x45,0x5f,0x50,0x41,0x54,0x54,0x45,0x52,0x4e,0x00,
0x00,0x00,0x00,0x0f,0x00,0x0d,0x00,0x00,0x00,0x41,0x52,0x52,0x41,0x59,0x5f,0x50,0x41,0x54,0x54,0x45,
0x52,0x4e,0x00,0x00,0x00,0x00,0x0f,0x00,0x0e,0x00,0x00,0x00,0x4f,0x42,0x4a,0x45,0x43,0x54,0x5f,0x50,
0x41,0x54,0x54,0x45,0x52,0x4e,0x00,0x00,0x00,0x00,0x0f,0x00,0x0a,0x00,0x00,0x00,0x49,0x44,0x45,0x4e,
0x54,0x49,0x46,0x49,0x45,0x52,0x00,0x00,0x00,0x00,0x05,0x00,0x00,0x00,0x47,0x55,0x41,0x52,0x44,0x08,
0x00,0x00,0x00,0x00,0x00,0x00,0x00,0x00,0x00,0x00,0x00,0x00,0x00,0x03,0x00,0x00,0x00,0x0f,0x00,0x02,
0x00,0x00,0x00,0x69,0x66,0x00,0x00,0x00,0x00,0x0f,0x00,0x01,0x00,0x00,0x00,0x5f,0x00,0x00,0x00,0x00,
0x0f,0x00,0x0a,0x00,0x00,0x00,0x45,0x58,0x50,0x52,0x45,0x53,0x53,0x49,0x4f,0x4e,0x00,0x00,0x00,0x00,
0x06,0x00,0x00,0x00,0x69,0x6d,0x70,0x6f,0x72,0x74,0x09,0x00,0x00,0x00,0x00,0x00,0x00,0x00,0x00,0x00,
0x00,0x00,0x00,0x0f,0x01,0x01,0x00,0x00,0x00,0x4b,0x01,0x00,0x00,0x00,0x06,0x00,0x06,0x00,0x00,0x00,
0x69,0x6d,0x70,0x6f,0x72,0x74,0x05,0x00,0x00,0x00,0x62,0x72,0x65,0x61,0x6b,0x09,0x00,0x00,0x00,0x00,
0x00,0x00,0x00,0x00,0x00,0x00,0x00,0x00,0x0f,0x01,0x01,0x00,0x00,0x00,0x4b,0x01,0x00,0x00,0x00,0x06,
0x00,0x05,0x00,0x00,0x00,0x62,0x72,0x65,0x61,0x6b,0x0c,0x00,0x00,0x00,0x4e,0x44,0x5f,0x43,0x4f,0x4e,
0x44,0x49,0x54,0x49,0x4f,0x4e,0x08,0x00,0x00,0x00,0x00,0x09,0x00,0x00,0x00,0x43,0x4f,0x4e,0x44,0x49,
0x54,0x49,0x4f,0x4e,0x00,0x00,0x00,0x00,0x00,0x02,0x00,0x00,0x00,0x0f,0x00,0x07,0x00,0x00,0x00,0x42,
0x49,0x54,0x5f,0x58,0x4f,0x52,0x00,0x00,0x00,0x00,0x02,0x00,0x00,0x00,0x00,0x00,0x00,0x00,0x00,0xff,
0xff,0xff,0xff,0xff,0xff,0xff,0xff,0x00,0x04,0x00,0x00,0x00,0x0f,0x00,0x01,0x00,0x00,0x00,0x5f,0x00,
0x00,0x00,0x00,0x0f,0x00,0x12,0x00,0x00,0x00,0x43,0x4f,0x4e,0x44,0x49,0x54,0x49,0x4f,0x4e,0x5f,0x4f,
0x50,0x45,0x52,0x41,0x54,0x4f,0x52,0x00,0x00,0x00,0x00,0x0f,0x00,0x01,0x00,0x00,0x00,0x5f,0x00,0x00,
0x00,0x00,0x0f,0x00,0x07,0x00,0x00,0x00,0x42,0x49,0x54,0x5f,0x58,0x4f,0x52,0x00,0x00,0x00,0x00,0x0a,
0x00,0x00,0x00,0x4d,0x41,0x54,0x43,0x48,0x5f,0x41,0x52,0x4d,0x53,0x48,0x00,0x00,0x00,0x00,0x00,0x00,
0x00,0x00,0x00,0x00,0x00,0x00,0x02,0x00,0x00,0x00,0x00,0x00,0x00,0x00,0x00,0x01,0x00,0x00,0x00,0x00,
0x00,0x00,0x00,0x00,0x04,0x00,0x00,0x00,0x0f,0x00,0x09,0x00,0x00,0x00,0x4d,0x41,0x54,0x43,0x48,0x5f,
0x41,0x52,0x4d,0x00,0x00,0x00,0x00,0x02,0x00,0x00,0x00,0x00,0x00,0x00,0x00,0x00,0xff,0xff,0xff,0xff,
0xff,0xff,0xff,0xff,0x00,0x04,0x00,0x00,0x00,0x0f,0x00,0x01,0x00,0x00,0x00,0x5f,0x00,0x00,0x00,0x00,
0x06,0x00,0x01,0x00,0x00,0x00,0x2c,0x0f,0x00,0x01,0x00,0x00,0x00,0x5f,0x00,0x00,0x00,0x00,0x0f,0x00,
0x09,0x00,0x00,0x00,0x4d,0x41,0x54,0x43,0x48,0x5f,0x41,0x52,0x4d,0x00,0x00,0x00,0x00,0x0f,0x00,0x01,
0x00,0x00,0x00,0x5f,0x00,0x00,0x00,0x00,0x02,0x00,0x00,0x00,0x00,0x00,0x00,0x00,0x00,0x01,0x00,0x00,
0x00,0x00,0x00,0x00,0x00,0x06,0x00,0x01,0x00,0x00,0x00,0x2c,0x0a,0x00,0x00,0x00,0x4c,0x4f,0x47,0x49,
0x43,0x41,0x4c,0x5f,0x4f,0x52,0x08,0x00,0x00,0x00,0x00,0x00,0x00,0x00,0x00,0x00,0x00,0x00,0x00,0x00,
0x02,0x00,0x00,0x00,0x0f,0x00,0x0b,0x00,0x00,0x00,0x4c,0x4f,0x47,0x49,0x43,0x41,0x4c,0x5f,0x41,0x4e,
0x44,0x00,0x00,0x00,0x00,0x02,0x00,0x00,0x00,0x00,0x00,0x00,0x00,0x00,0xff,0xff,0xff,0xff,0xff,0xff,
0xff,0xff,0x00,0x04,0x00,0x00,0x00,0x0f,0x00,0x01,0x00,0x00,0x00,0x5f,0x00,0x00,0x00,0x00,0x06,0x00,
0x02,0x00,0x00,0x00,0x7c,0x7c,0x0f,0x00,0x01,0x00,0x00,0x00,0x5f,0x00,0x00,0x00,0x00,0x0f,0x00,0x0b,
0x00,0x00,0x00,0x4c,0x4f,0x47,0x49,0x43,0x41,0x4c,0x5f,0x41,0x4e,0x44,0x00,0x00,0x00,0x00,0x05,0x00,
0x00,0x00,0x4d,0x41,0x54,0x43,0x48,0x08,0x00,0x00,0x00,0x00,0x00,0x00,0x00,0x00,0x00,0x00,0x00,0x00,
0x00,0x09,0x00,0x00,0x00,0x0f,0x00,0x05,0x00,0x00,0x00,0x6d,0x61,0x74,0x63,0x68,0x00,0x00,0x00,0x00,
0x0f,0x00,0x01,0x00,0x00,0x00,0x5f,0x00,0x00,0x00,0x00,0x0f,0x00,0x0a,0x00,0x00,0x00,0x45,0x58,0x50,
0x52,0x45,0x53,0x53,0x49,0x4f,0x4e,0x00,0x00,0x00,0x00,0x0f,0x00,0x01,0x00,0x00,0x00,0x5f,0x00,0x00,
0x00,0x00,0x06,0x00,0x01,0x00,0x00,0x00,0x7b,0x0f,0x00,0x01,0x00,0x00,0x00,0x5f,0x00,0x00,0x00,0x00,
0x0f,0x00,0x0a,0x00,0x00,0x00,0x4d,0x41,0x54,0x43,0x48,0x5f,0x41,0x52,0x4d,0x53,0x00,0x00,0x00,0x00,
0x0f,0x00,0x01,0x00,0x00,0x00,0x5f,0x00,0x00,0x00,0x00,0x06,0x00,0x01,0x00,0x00,0x00,0x7d,0x0b,0x00,
0x00,0x00,0x46,0x4f,0x52,0x5f,0x42,0x49,0x4e,0x44,0x49,0x4e,0x47,0x08,0x00,0x00,0x00,0x00,0x0d,0x00,
0x00,0x00,0x54,0x55,0x50,0x4c,0x45,0x5f,0x50,0x41,0x54,0x54,0x45,0x52,0x4e,0x00,0x00,0x00,0x00,0x00,
0x02,0x00,0x00,0x00,0x0f,0x00,0x07,0x00,0x00,0x00,0x46,0x4f,0x52,0x5f,0x50,0x41,0x54,0x00,0x00,0x00,
0x00,0x02,0x00,0x00,0x00,0x00,0x00,0x00,0x00,0x00,0xff,0xff,0xff,0xff,0xff,0xff,0xff,0xff,0x00,0x04,
0x00,0x00,0x00,0x0f,0x00,0x01,0x00,0x00,0x00,0x5f,0x00,0x00,0x00,0x00,0x06,0x00,0x01,0x00,0x00,0x00,
0x2c,0x0f,0x00,0x01,0x00,0x00,0x00,0x5f,0x00,0x00,0x00,0x00,0x0f,0x00,0x07,0x00,0x00,0x00,0x46,0x4f,
0x52,0x5f,0x50,0x41,0x54,0x00,0x00,0x00,0x00,0x0e,0x00,0x00,0x00,0x4d,0x55,0x4c,0x54,0x49,0x50,0x4c,
0x49,0x43,0x41,0x54,0x49,0x56,0x45,0x08,0x00,0x00,0x00,0x00,0x00,0x00,0x00,0x00,0x00,0x00,0x00,0x00,
0x00,0x02,0x00,0x00,0x00,0x0f,0x00,0x05,0x00,0x00,0x00,0x50,0x4f,0x57,0x45,0x52,0x00,0x00,0x00,0x00,
0x02,0x00,0x00,0x00,0x00,0x00,0x00,0x00,0x00,0xff,0xff,0xff,0xff,0xff,0xff,0xff,0xff,0x00,0x04,0x00,
0x00,0x00,0x0f,0x00,0x03,0x00,0x00,0x00,0x5f,0x68,0x5f,0x00,0x00,0x00,0x00,0x0f,0x00,0x17,0x00,0x00,
0x00,0x4d,0x55,0x4c,0x54,0x49,0x50,0x4c,0x49,0x43,0x41,0x54,0x49,0x56,0x45,0x5f,0x4f,0x50,0x45,0x52,
0x41,0x54,0x4f,0x52,0x00,0x00,0x00,0x00,0x0f,0x00,0x01,0x00,0x00,0x00,0x5f,0x00,0x00,0x00,0x00,0x0f,
0x00,0x05,0x00,0x00,0x00,0x50,0x4f,0x57,0x45,0x52,0x00,0x00,0x00,0x00,0x05,0x00,0x00,0x00,0x57,0x48,
0x49,0x4c,0x45,0x08,0x00,0x00,0x00,0x00,0x00,0x00,0x00,0x00,0x00,0x00,0x00,0x00,0x00,0x05,0x00,0x00,
0x00,0x0f,0x00,0x05,0x00,0x00,0x00,0x77,0x68,0x69,0x6c,0x65,0x00,0x00,0x00,0x00,0x0f,0x00,0x01,0x00,
0x00,0x00,0x5f,0x00,0x00,0x00,0x00,0x0f,0x00,0x0a,0x00,0x00,0x00,0x45,0x58,0x50,0x52,0x45,0x53,0x53,
0x49,0x4f,0x4e,0x00,0x00,0x00,0x00,0x0f,0x00,0x01,0x00,0x00,0x00,0x5f,0x00,0x00,0x00,0x00,0x0f,0x00,
0x05,0x00,0x00,0x00,0x42,0x4c,0x4f,0x43,0x4b,0x00,0x00,0x00,0x00,0x08,0x00,0x00,0x00,0x53,0x45,0x51,
0x5f,0x45,0x4c,0x45,0x4d,0x08,0x00,0x00,0x00,0x00,0x00,0x00,0x00,0x00,0x00,0x00,0x00,0x00,0x01,0x00,
0x02,0x00,0x00,0x00,0x0f,0x00,0x0b,0x00,0x00,0x00,0x53,0x50,0x52,0x45,0x41,0x44,0x5f,0x45,0x4c,0x45,
0x4d,0x00,0x00,0x00,0x00,0x0f,0x00,0x0a,0x00,0x00,0x00,0x45,0x58,0x50,0x52,0x45,0x53,0x53,0x49,0x4f,
0x4e,0x00,0x00,0x00,0x00,0x08,0x00,0x00,0x00,0x53,0x41,0x46,0x45,0x5f,0x44,0x4f,0x54,0x08,0x00,0x00,
0x00,0x00,0x00,0x00,0x00,0x00,0x00,0x00,0x00,0x00,0x00,0x03,0x00,0x00,0x00,0x06,0x00,0x02,0x00,0x00,
0x00,0x3f,0x2e,0x0f,0x00,0x01,0x00,0x00,0x00,0x5f,0x00,0x00,0x00,0x00,0x0f,0x00,0x0a,0x00,0x00,0x00,
0x49,0x44,0x45,0x4e,0x54,0x49,0x46,0x49,0x45,0x52,0x00,0x00,0x00,0x00,0x0c,0x00,0x00,0x00,0x52,0x45,
0x53,0x54,0x5f,0x50,0x41,0x54,0x54,0x45,0x52,0x4e,0x08,0x00,0x00,0x00,0x00,0x00,0x00,0x00,0x00,0x00,
0x00,0x00,0x00,0x00,0x03,0x00,0x00,0x00,0x06,0x00,0x03,0x00,0x00,0x00,0x2e,0x2e,0x2e,0x0f,0x00,0x01,
0x00,0x00,0x00,0x5f,0x00,0x00,0x00,0x00,0x0f,0x00,0x0a,0x00,0x00,0x00,0x49,0x44,0x45,0x4e,0x54,0x49,
0x46,0x49,0x45,0x52,0x00,0x00,0x00,0x00,0x05,0x00,0x00,0x00,0x79,0x69,0x65,0x6c,0x64,0x09,0x00,0x00,
0x00,0x00,0x00,0x00,0x00,0x00,0x00,0x00,0x00,0x00,0x0f,0x01,0x01,0x00,0x00,0x00,0x4b,0x01,0x00,0x00,
0x00,0x06,0x00,0x05,0x00,0x00,0x00,0x79,0x69,0x65,0x6c,0x64,0x03,0x00,0x00,0x00,0x44,0x4f,0x54,0x08,
0x00,0x00,0x00,0x00,0x00,0x00,0x00,0x00,0x00,0x00,0x00,0x00,0x00,0x03,0x00,0x00,0x00,0x06,0x00,0x01,
0x00,0x00,0x00,0x2e,0x0f,0x00,0x01,0x00,0x00,0x00,0x5f,0x00,0x00,0x00,0x00,0x0f,0x00,0x0a,0x00,0x00,
0x00,0x49,0x44,0x45,0x4e,0x54,0x49,0x46,0x49,0x45,0x52,0x00,0x00,0x00,0x00,0x05,0x00,0x00,0x00,0x49,
0x4e,0x44,0x45,0x58,0x08,0x00,0x00,0x00,0x00,0x00,0x00,0x00,0x00,0x00,0x00,0x00,0x00,0x00,0x05,0x00,
0x00,0x00,0x06,0x00,0x01,0x00,0x00,0x00,0x5b,0x0f,0x00,0x01,0x00,0x00,0x00,0x5f,0x00,0x00,0x00,0x00,
0x0f,0x00,0x0a,0x00,0x00,0x00,0x45,0x58,0x50,0x52,0x45,0x53,0x53,0x49,0x4f,0x4e,0x00,0x00,0x00,0x00,
0x0f,0x00,0x01,0x00,0x00,0x00,0x5f,0x00,0x00,0x00,0x00,0x06,0x00,0x01,0x00,0x00,0x00,0x5d,0x05,0x00,
0x00,0x00,0x4b,0x57,0x41,0x52,0x47,0x08,0x00,0x00,0x00,0x00,0x00,0x00,0x00,0x00,0x00,0x00,0x00,0x00,
0x00,0x05,0x00,0x00,0x00,0x0f,0x00,0x0a,0x00,0x00,0x00,0x49,0x44,0x45,0x4e,0x54,0x49,0x46,0x49,0x45,
0x52,0x00,0x00,0x00,0x00,0x0f,0x00,0x01,0x00,0x00,0x00,0x5f,0x00,0x00,0x00,0x00,0x06,0x00,0x01,0x00,
0x00,0x00,0x3a,0x0f,0x00,0x01,0x00,0x00,0x00,0x5f,0x00,0x00,0x00,0x00,0x0f,0x00,0x0a,0x00,0x00,0x00,
0x45,0x58,0x50,0x52,0x45,0x53,0x53,0x49,0x4f,0x4e,0x00,0x00,0x00,0x00,0x0b,0x00,0x00,0x00,0x4b,0x57,
0x41,0x52,0x47,0x5f,0x53,0x50,0x4c,0x41,0x54,0x08,0x00,0x00,0x00,0x00,0x00,0x00,0x00,0x00,0x00,0x00,
0x00,0x00,0x00,0x03,0x00,0x00,0x00,0x06,0x00,0x02,0x00,0x00,0x00,0x2a,0x2a,0x0f,0x00,0x01,0x00,0x00,
0x00,0x5f,0x00,0x00,0x00,0x00,0x0f,0x00,0x0a,0x00,0x00,0x00,0x45,0x58,0x50,0x52,0x45,0x53,0x53,0x49,
0x4f,0x4e,0x00,0x00,0x00,0x00,0x05,0x00,0x00,0x00,0x53,0x48,0x49,0x46,0x54,0x08,0x00,0x00,0x00,0x00,
0x00,0x00,0x00,0x00,0x00,0x00,0x00,0x00,0x00,0x02,0x00,0x00,0x00,0x0f,0x00,0x0a,0x00,0x00,0x00,0x52,
0x41,0x4e,0x47,0x45,0x5f,0x45,0x58,0x50,0x52,0x00,0x00,0x00,0x00,0x02,0x00,0x00,0x00,0x00,0x00,0x00,
0x00,0x00,0xff,0xff,0xff,0xff,0xff,0xff,0xff,0xff,0x00,0x04,0x00,0x00,0x00,0x0f,0x00,0x03,0x00,0x00,
0x00,0x5f,0x68,0x5f,0x00,0x00,0x00,0x00,0x0f,0x00,0x0e,0x00,0x00,0x00,0x53,0x48,0x49,0x46,0x54,0x5f,
0x4f,0x50,0x45,0x52,0x41,0x54,0x4f,0x52,0x00,0x00,0x00,0x00,0x0f,0x00,0x01,0x00,0x00,0x00,0x5f,0x00,
0x00,0x00,0x00,0x0f,0x00,0x0a,0x00,0x00,0x00,0x52,0x41,0x4e,0x47,0x45,0x5f,0x45,0x58,0x50,0x52,0x00,
0x00,0x00,0x00,0x09,0x00,0x00,0x00,0x41,0x52,0x47,0x55,0x4d,0x45,0x4e,0x54,0x53,0x08,0x00,0x00,0x00,
0x00,0x00,0x00,0x00,0x00,0x00,0x00,0x00,0x00,0x00,0x05,0x00,0x00,0x00,0x06,0x00,0x01,0x00,0x00,0x00,
0x28,0x0f,0x00,0x01,0x00,0x00,0x00,0x5f,0x00,0x00,0x00,0x00,0x0f,0x00,0x08,0x00,0x00,0x00,0x41,0x52,
0x47,0x5f,0x4c,0x49,0x53,0x54,0x00,0x00,0x00,0x00,0x0f,0x00,0x01,0x00,0x00,0x00,0x5f,0x00,0x00,0x00,
0x00,0x06,0x00,0x01,0x00,0x00,0x00,0x29,0x08,0x00,0x00,0x00,0x53,0x45,0x51,0x55,0x45,0x4e,0x43,0x45,
0x48,0x00,0x00,0x00,0x00,0x00,0x00,0x00,0x00,0x00,0x00,0x00,0x00,0x02,0x00,0x00,0x00,0x00,0x00,0x00,
0x00,0x00,0x01,0x00,0x00,0x00,0x00,0x00,0x00,0x00,0x00,0x04,0x00,0x00,0x00,0x0f,0x00,0x08,0x00,0x00,
0x00,0x53,0x45,0x51,0x5f,0x45,0x4c,0x45,0x4d,0x00,0x00,0x00,0x00,0x02,0x00,0x00,0x00,0x00,0x00,0x00,
0x00,0x00,0xff,0xff,0xff,0xff,0xff,0xff,0xff,0xff,0x00,0x04,0x00,0x00,0x00,0x0f,0x00,0x01,0x00,0x00,
0x00,0x5f,0x00,0x00,0x00,0x00,0x06,0x00,0x01,0x00,0x00,0x00,0x2c,0x0f,0x00,0x01,0x00,0x00,0x00,0x5f,
0x00,0x00,0x00,0x00,0x0f,0x00,0x08,0x00,0x00,0x00,0x53,0x45,0x51,0x5f,0x45,0x4c,0x45,0x4d,0x00,0x00,
0x00,0x00,0x0f,0x00,0x01,0x00,0x00,0x00,0x5f,0x00,0x00,0x00,0x00,0x02,0x00,0x00,0x00,0x00,0x00,0x00,
0x00,0x00,0x01,0x00,0x00,0x00,0x00,0x00,0x00,0x00,0x06,0x00,0x01,0x00,0x00,0x00,0x2c,0x0a,0x00,0x00,
0x00,0x53,0x41,0x46,0x45,0x5f,0x49,0x4e,0x44,0x45,0x58,0x08,0x00,0x00,0x00,0x00,0x00,0x00,0x00,0x00,
0x00,0x00,0x00,0x00,0x00,0x05,0x00,0x00,0x00,0x06,0x00,0x02,0x00,0x00,0x00,0x3f,0x5b,0x0f,0x00,0x01,
0x00,0x00,0x00,0x5f,0x00,0x00,0x00,0x00,0x0f,0x00,0x0a,0x00,0x00,0x00,0x45,0x58,0x50,0x52,0x45,0x53,
0x53,0x49,0x4f,0x4e,0x00,0x00,0x00,0x00,0x0f,0x00,0x01,0x00,0x00,0x00,0x5f,0x00,0x00,0x00,0x00,0x06,
0x00,0x01,0x00,0x00,0x00,0x5d,0x0a,0x00,0x00,0x00,0x55,0x4e,0x41,0x52,0x59,0x5f,0x42,0x4e,0x4f,0x54,
0x08,0x00,0x00,0x00,0x00,0x00,0x00,0x00,0x00,0x00,0x00,0x00,0x00,0x00,0x02,0x00,0x00,0x00,0x02,0x00,
0x00,0x00,0x00,0x00,0x00,0x00,0x00,0x01,0x00,0x00,0x00,0x00,0x00,0x00,0x00,0x0f,0x00,0x13,0x00,0x00,
0x00,0x55,0x4e,0x41,0x52,0x59,0x5f,0x42,0x4e,0x4f,0x54,0x5f,0x4f,0x50,0x45,0x52,0x41,0x54,0x4f,0x52,
0x00,0x00,0x00,0x00,0x0f,0x00,0x0e,0x00,0x00,0x00,0x4d,0x55,0x4c,0x54,0x49,0x50,0x4c,0x49,0x43,0x41,
0x54,0x49,0x56,0x45,0x00,0x00,0x00,0x00,0x03,0x00,0x00,0x00,0x4e,0x49,0x4c,0x08,0x00,0x00,0x00,0x00,
0x00,0x00,0x00,0x00,0x00,0x00,0x00,0x00,0x0f,0x01,0x01,0x00,0x00,0x00,0x4b,0x01,0x00,0x00,0x00,0x06,
0x00,0x03,0x00,0x00,0x00,0x6e,0x69,0x6c,0x0d,0x00,0x00,0x00,0x4e,0x44,0x5f,0x4c,0x4f,0x47,0x49,0x43,
0x41,0x4c,0x5f,0x4f,0x52,0x08,0x00,0x00,0x00,0x00,0x0a,0x00,0x00,0x00,0x4c,0x4f,0x47,0x49,0x43,0x41,
0x4c,0x5f,0x4f,0x52,0x00,0x00,0x00,0x00,0x00,0x02,0x00,0x00,0x00,0x0f,0x00,0x0e,0x00,0x00,0x00,0x4e,
0x44,0x5f,0x4c,0x4f,0x47,0x49,0x43,0x41,0x4c,0x5f,0x41,0x4e,0x44,0x00,0x00,0x00,0x00,0x02,0x00,0x00,
0x00,0x00,0x00,0x00,0x00,0x00,0xff,0xff,0xff,0xff,0xff,0xff,0xff,0xff,0x00,0x04,0x00,0x00,0x00,0x0f,
0x00,0x01,0x00,0x00,0x00,0x5f,0x00,0x00,0x00,0x00,0x06,0x00,0x02,0x00,0x00,0x00,0x7c,0x7c,0x0f,0x00,
0x01,0x00,0x00,0x00,0x5f,0x00,0x00,0x00,0x00,0x0f,0x00,0x0e,0x00,0x00,0x00,0x4e,0x44,0x5f,0x4c,0x4f,
0x47,0x49,0x43,0x41,0x4c,0x5f,0x41,0x4e,0x44,0x00,0x00,0x00,0x00,0x0f,0x00,0x00,0x00,0x50,0x52,0x49,
0x4d,0x41,0x52,0x59,0x5f,0x50,0x41,0x54,0x54,0x45,0x52,0x4e,0x08,0x00,0x00,0x00,0x00,0x00,0x00,0x00,
0x00,0x00,0x00,0x00,0x00,0x01,0x00,0x0e,0x00,0x00,0x00,0x0f,0x00,0x08,0x00,0x00,0x00,0x57,0x49,0x4c,
0x44,0x43,0x41,0x52,0x44,0x00,0x00,0x00,0x00,0x0f,0x00,0x0c,0x00,0x00,0x00,0x43,0x54,0x4f,0x52,0x5f,
0x50,0x41,0x54,0x54,0x45,0x52,0x4e,0x00,0x00,0x00,0x00,0x0f,0x00,0x0b,0x00,0x00,0x00,0x54,0x59,0x50,
0x45,0x44,0x5f,0x49,0x44,0x45,0x4e,0x54,0x00,0x00,0x00,0x00,0x0f,0x00,0x03,0x00,0x00,0x00,0x4e,0x49,
0x4c,0x00,0x00,0x00,0x00,0x0f,0x00,0x07,0x00,0x00,0x00,0x42,0x4f,0x4f,0x4c,0x45,0x41,0x4e,0x00,0x00,
0x00,0x00,0x0f,0x00,0x05,0x00,0x00,0x00,0x46,0x4c,0x4f,0x41,0x54,0x00,0x00,0x00,0x00,0x0f,0x00,0x06,
0x00,0x00,0x00,0x4e,0x55,0x4d,0x42,0x45,0x52,0x00,0x00,0x00,0x00,0x0f,0x00,0x06,0x00,0x00,0x00,0x53,
0x54,0x52,0x49,0x4e,0x47,0x00,0x00,0x00,0x00,0x0f,0x00,0x0a,0x00,0x00,0x00,0x52,0x41,0x57,0x5f,0x53,
0x54,0x52,0x49,0x4e,0x47,0x00,0x00,0x00,0x00,0x0f,0x00,0x13,0x00,0x00,0x00,0x49,0x4e,0x54,0x45,0x52,
0x50,0x4f,0x4c,0x41,0x54,0x45,0x44,0x5f,0x53,0x54,0x52,0x49,0x4e,0x47,0x00,0x00,0x00,0x00,0x0f,0x00,
0x0d,0x00,0x00,0x00,0x41,0x52,0x52,0x41,0x59,0x5f,0x50,0x41,0x54,0x54,0x45,0x52,0x4e,0x00,0x00,0x00,
0x00,0x0f,0x00,0x0e,0x00,0x00,0x00,0x4f,0x42,0x4a,0x45,0x43,0x54,0x5f,0x50,0x41,0x54,0x54,0x45,0x52,
0x4e,0x00,0x00,0x00,0x00,0x0f,0x00,0x0d,0x00,0x00,0x00,0x54,0x55,0x50,0x4c,0x45,0x5f,0x50,0x41,0x54,
0x54,0x45,0x52,0x4e,0x00,0x00,0x00,0x00,0x0f,0x00,0x0a,0x00,0x00,0x00,0x49,0x44,0x45,0x4e,0x54,0x49,
0x46,0x49,0x45,0x52,0x00,0x00,0x00,0x00,0x04,0x00,0x00,0x00,0x63,0x6f,0x6e,0x64,0x09,0x00,0x00,0x00,
0x00,0x00,0x00,0x00,0x00,0x00,0x00,0x00,0x00,0x0f,0x01,0x01,0x00,0x00,0x00,0x4b,0x01,0x00,0x00,0x00,
0x06,0x00,0x04,0x00,0x00,0x00,0x63,0x6f,0x6e,0x64,0x0b,0x00,0x00,0x00,0x55,0x4e,0x41,0x52,0x59,0x5f,
0x4d,0x49,0x4e,0x55,0x53,0x08,0x00,0x00,0x00,0x00,0x00,0x00,0x00,0x00,0x00,0x00,0x00,0x00,0x00,0x02,
0x00,0x00,0x00,0x02,0x00,0x00,0x00,0x00,0x00,0x00,0x00,0x00,0x01,0x00,0x00,0x00,0x00,0x00,0x00,0x00,
0x0f,0x00,0x14,0x00,0x00,0x00,0x55,0x4e,0x41,0x52,0x59,0x5f,0x4d,0x49,0x4e,0x55,0x53,0x5f,0x4f,0x50,
0x45,0x52,0x41,0x54,0x4f,0x52,0x00,0x00,0x00,0x00,0x0f,0x00,0x09,0x00,0x00,0x00,0x55,0x4e,0x41,0x52,
0x59,0x5f,0x4e,0x4f,0x54,0x00,0x00,0x00,0x00,0x0d,0x00,0x00,0x00,0x41,0x52,0x52,0x41,0x59,0x5f,0x50,
0x41,0x54,0x54,0x45,0x52,0x4e,0x08,0x00,0x00,0x00,0x00,0x00,0x00,0x00,0x00,0x00,0x00,0x00,0x00,0x00,
0x05,0x00,0x00,0x00,0x06,0x00,0x01,0x00,0x00,0x00,0x5b,0x0f,0x00,0x01,0x00,0x00,0x00,0x5f,0x00,0x00,
0x00,0x00,0x02,0x00,0x00,0x00,0x00,0x00,0x00,0x00,0x00,0x01,0x00,0x00,0x00,0x00,0x00,0x00,0x00,0x00,
0x04,0x00,0x00,0x00,0x0f,0x00,0x0e,0x00,0x00,0x00,0x41,0x52,0x52,0x41,0x59,0x5f,0x50,0x41,0x54,0x5f,
0x45,0x4c,0x45,0x4d,0x00,0x00,0x00,0x00,0x02,0x00,0x00,0x00,0x00,0x00,0x00,0x00,0x00,0xff,0xff,0xff,
0xff,0xff,0xff,0xff,0xff,0x00,0x04,0x00,0x00,0x00,0x0f,0x00,0x01,0x00,0x00,0x00,0x5f,0x00,0x00,0x00,
0x00,0x06,0x00,0x01,0x00,0x00,0x00,0x2c,0x0f,0x00,0x01,0x00,0x00,0x00,0x5f,0x00,0x00,0x00,0x00,0x0f,
0x00,0x0e,0x00,0x00,0x00,0x41,0x52,0x52,0x41,0x59,0x5f,0x50,0x41,0x54,0x5f,0x45,0x4c,0x45,0x4d,0x00,
0x00,0x00,0x00,0x0f,0x00,0x01,0x00,0x00,0x00,0x5f,0x00,0x00,0x00,0x00,0x02,0x00,0x00,0x00,0x00,0x00,
0x00,0x00,0x00,0x01,0x00,0x00,0x00,0x00,0x00,0x00,0x00,0x06,0x00,0x01,0x00,0x00,0x00,0x2c,0x0f,0x00,
0x01,0x00,0x00,0x00,0x5f,0x00,0x00,0x00,0x00,0x06,0x00,0x01,0x00,0x00,0x00,0x5d,0x0a,0x00,0x00,0x00,
0x55,0x4e,0x41,0x52,0x59,0x5f,0x50,0x4c,0x55,0x53,0x08,0x00,0x00,0x00,0x00,0x00,0x00,0x00,0x00,0x00,
0x00,0x00,0x00,0x00,0x02,0x00,0x00,0x00,0x02,0x00,0x00,0x00,0x00,0x00,0x00,0x00,0x00,0x01,0x00,0x00,
0x00,0x00,0x00,0x00,0x00,0x0f,0x00,0x13,0x00,0x00,0x00,0x55,0x4e,0x41,0x52,0x59,0x5f,0x50,0x4c,0x55,
0x53,0x5f,0x4f,0x50,0x45,0x52,0x41,0x54,0x4f,0x52,0x00,0x00,0x00,0x00,0x0f,0x00,0x0b,0x00,0x00,0x00,
0x55,0x4e,0x41,0x52,0x59,0x5f,0x4d,0x49,0x4e,0x55,0x53,0x00,0x00,0x00,0x00,0x08,0x00,0x00,0x00,0x41,
0x44,0x44,0x49,0x54,0x49,0x56,0x45,0x08,0x00,0x00,0x00,0x00,0x00,0x00,0x00,0x00,0x00,0x00,0x00,0x00,
0x00,0x02,0x00,0x00,0x00,0x0f,0x00,0x0a,0x00,0x00,0x00,0x55,0x4e,0x41,0x52,0x59,0x5f,0x50,0x4c,0x55,
0x53,0x00,0x00,0x00,0x00,0x02,0x00,0x00,0x00,0x00,0x00,0x00,0x00,0x00,0xff,0xff,0xff,0xff,0xff,0xff,
0xff,0xff,0x00,0x04,0x00,0x00,0x00,0x0f,0x00,0x03,0x00,0x00,0x00,0x5f,0x68,0x5f,0x00,0x00,0x00,0x00,
0x0f,0x00,0x11,0x00,0x00,0x00,0x41,0x44,0x44,0x49,0x54,0x49,0x56,0x45,0x5f,0x4f,0x50,0x45,0x52,0x41,
0x54,0x4f,0x52,0x00,0x00,0x00,0x00,0x0f,0x00,0x01,0x00,0x00,0x00,0x5f,0x00,0x00,0x00,0x00,0x0f,0x00,
0x0a,0x00,0x00,0x00,0x55,0x4e,0x41,0x52,0x59,0x5f,0x50,0x4c,0x55,0x53,0x00,0x00,0x00,0x00,0x01,0x00,
0x00,0x00,0x5f,0x49,0x00,0x00,0x00,0x00,0x00,0x00,0x00,0x00,0x00,0x00,0x00,0x00,0x02,0x00,0x00,0x00,
0x00,0x00,0x00,0x00,0x00,0xff,0xff,0xff,0xff,0xff,0xff,0xff,0xff,0x01,0x00,0x02,0x00,0x00,0x00,0x0f,
0x00,0x0a,0x00,0x00,0x00,0x57,0x68,0x69,0x74,0x65,0x53,0x70,0x61,0x63,0x65,0x00,0x00,0x00,0x00,0x0f,
0x00,0x09,0x00,0x00,0x00,0x45,0x6e,0x64,0x4f,0x66,0x4c,0x69,0x6e,0x65,0x00,0x00,0x00,0x00,0x02,0x00,
0x00,0x00,0x49,0x46,0x08,0x00,0x00,0x00,0x00,0x00,0x00,0x00,0x00,0x00,0x00,0x00,0x00,0x00,0x07,0x00,
0x00,0x00,0x0f,0x00,0x02,0x00,0x00,0x00,0x69,0x66,0x00,0x00,0x00,0x00,0x0f,0x00,0x01,0x00,0x00,0x00,
0x5f,0x00,0x00,0x00,0x00,0x0f,0x00,0x0a,0x00,0x00,0x00,0x45,0x58,0x50,0x52,0x45,0x53,0x53,0x49,0x4f,
0x4e,0x00,0x00,0x00,0x00,0x0f,0x00,0x01,0x00,0x00,0x00,0x5f,0x00,0x00,0x00,0x00,0x0f,0x00,0x05,0x00,
0x00,0x00,0x42,0x4c,0x4f,0x43,0x4b,0x00,0x00,0x00,0x00,0x02,0x00,0x00,0x00,0x00,0x00,0x00,0x00,0x00,
0xff,0xff,0xff,0xff,0xff,0xff,0xff,0xff,0x00,0x08,0x00,0x00,0x00,0x0f,0x00,0x01,0x00,0x00,0x00,0x5f,
0x00,0x00,0x00,0x00,0x0f,0x00,0x04,0x00,0x00,0x00,0x65,0x6c,0x73,0x65,0x00,0x00,0x00,0x00,0x0f,0x00,
0x01,0x00,0x00,0x00,0x5f,0x00,0x00,0x00,0x00,0x0f,0x00,0x02,0x00,0x00,0x00,0x69,0x66,0x00,0x00,0x00,
0x00,0x0f,0x00,0x01,0x00,0x00,0x00,0x5f,0x00,0x00,0x00,0x00,0x0f,0x00,0x0a,0x00,0x00,0x00,0x45,0x58,
0x50,0x52,0x45,0x53,0x53,0x49,0x4f,0x4e,0x00,0x00,0x00,0x00,0x0f,0x00,0x01,0x00,0x00,0x00,0x5f,0x00,
0x00,0x00,0x00,0x0f,0x00,0x05,0x00,0x00,0x00,0x42,0x4c,0x4f,0x43,0x4b,0x00,0x00,0x00,0x00,0x02,0x00,
0x00,0x00,0x00,0x00,0x00,0x00,0x00,0x01,0x00,0x00,0x00,0x00,0x00,0x00,0x00,0x00,0x04,0x00,0x00,0x00,
0x0f,0x00,0x01,0x00,0x00,0x00,0x5f,0x00,0x00,0x00,0x00,0x0f,0x00,0x04,0x00,0x00,0x00,0x65,0x6c,0x73,
0x65,0x00,0x00,0x00,0x00,0x0f,0x00,0x01,0x00,0x00,0x00,0x5f,0x00,0x00,0x00,0x00,0x0f,0x00,0x05,0x00,
0x00,0x00,0x42,0x4c,0x4f,0x43,0x4b,0x00,0x00,0x00,0x00,0x0a,0x00,0x00,0x00,0x52,0x41,0x4e,0x47,0x45,
0x5f,0x45,0x58,0x50,0x52,0x08,0x00,0x00,0x00,0x00,0x00,0x00,0x00,0x00,0x00,0x00,0x00,0x00,0x01,0x00,
0x02,0x00,0x00,0x00,0x0f,0x00,0x05,0x00,0x00,0x00,0x52,0x41,0x4e,0x47,0x45,0x00,0x00,0x00,0x00,0x0f,
0x00,0x08,0x00,0x00,0x00,0x41,0x44,0x44,0x49,0x54,0x49,0x56,0x45,0x00,0x00,0x00,0x00,0x0d,0x00,0x00,
0x00,0x54,0x55,0x50,0x4c,0x45,0x5f,0x50,0x41,0x54,0x54,0x45,0x52,0x4e,0x08,0x00,0x00,0x00,0x00,0x00,
0x00,0x00,0x00,0x00,0x00,0x00,0x00,0x01,0x00,0x02,0x00,0x00,0x00,0x00,0x0c,0x00,0x00,0x00,0x06,0x00,
0x01,0x00,0x00,0x00,0x28,0x0f,0x00,0x01,0x00,0x00,0x00,0x5f,0x00,0x00,0x00,0x00,0x0f,0x00,0x07,0x00,
0x00,0x00,0x50,0x41,0x54,0x54,0x45,0x52,0x4e,0x00,0x00,0x00,0x00,0x0f,0x00,0x01,0x00,0x00,0x00,0x5f,
0x00,0x00,0x00,0x00,0x06,0x00,0x01,0x00,0x00,0x00,0x2c,0x0f,0x00,0x01,0x00,0x00,0x00,0x5f,0x00,0x00,
0x00,0x00,0x0f,0x00,0x07,0x00,0x00,0x00,0x50,0x41,0x54,0x54,0x45,0x52,0x4e,0x00,0x00,0x00,0x00,0x02,
0x00,0x00,0x00,0x00,0x00,0x00,0x00,0x00,0xff,0xff,0xff,0xff,0xff,0xff,0xff,0xff,0x00,0x04,0x00,0x00,
0x00,0x0f,0x00,0x01,0x00,0x00,0x00,0x5f,0x00,0x00,0x00,0x00,0x06,0x00,0x01,0x00,0x00,0x00,0x2c,0x0f,
0x00,0x01,0x00,0x00,0x00,0x5f,0x00,0x00,0x00,0x00,0x0f,0x00,0x07,0x00,0x00,0x00,0x50,0x41,0x54,0x54,
0x45,0x52,0x4e,0x00,0x00,0x00,0x00,0x0f,0x00,0x01,0x00,0x00,0x00,0x5f,0x00,0x00,0x00,0x00,0x02,0x00,
0x00,0x00,0x00,0x00,0x00,0x00,0x00,0x01,0x00,0x00,0x00,0x00,0x00,0x00,0x00,0x06,0x00,0x01,0x00,0x00,
0x00,0x2c,0x0f,0x00,0x01,0x00,0x00,0x00,0x5f,0x00,0x00,0x00,0x00,0x06,0x00,0x01,0x00,0x00,0x00,0x29,
0x00,0x07,0x00,0x00,0x00,0x06,0x00,0x01,0x00,0x00,0x00,0x28,0x0f,0x00,0x01,0x00,0x00,0x00,0x5f,0x00,
0x00,0x00,0x00,0x0f,0x00,0x07,0x00,0x00,0x00,0x50,0x41,0x54,0x54,0x45,0x52,0x4e,0x00,0x00,0x00,0x00,
0x0f,0x00,0x01,0x00,0x00,0x00,0x5f,0x00,0x00,0x00,0x00,0x06,0x00,0x01,0x00,0x00,0x00,0x2c,0x0f,0x00,
0x01,0x00,0x00,0x00,0x5f,0x00,0x00,0x00,0x00,0x06,0x00,0x01,0x00,0x00,0x00,0x29,0x08,0x00,0x00,0x00,
0x63,0x6f,0x6e,0x74,0x69,0x6e,0x75,0x65,0x09,0x00,0x00,0x00,0x00,0x00,0x00,0x00,0x00,0x00,0x00,0x00,
0x00,0x0f,0x01,0x01,0x00,0x00,0x00,0x4b,0x01,0x00,0x00,0x00,0x06,0x00,0x08,0x00,0x00,0x00,0x63,0x6f,
0x6e,0x74,0x69,0x6e,0x75,0x65,0x09,0x00,0x00,0x00,0x53,0x54,0x41,0x54,0x45,0x4d,0x45,0x4e,0x54,0x08,
0x00,0x00,0x00,0x00,0x00,0x00,0x00,0x00,0x00,0x00,0x00,0x00,0x01,0x00,0x10,0x00,0x00,0x00,0x0f,0x00,
0x08,0x00,0x00,0x00,0x44,0x45,0x42,0x55,0x47,0x47,0x45,0x52,0x00,0x00,0x00,0x00,0x0f,0x00,0x06,0x00,
0x00,0x00,0x52,0x45,0x54,0x55,0x52,0x4e,0x00,0x00,0x00,0x00,0x0f,0x00,0x05,0x00,0x00,0x00,0x54,0x48,
0x52,0x4f,0x57,0x00,0x00,0x00,0x00,0x0f,0x00,0x0a,0x00,0x00,0x00,0x59,0x49,0x45,0x4c,0x44,0x5f,0x46,
0x52,0x4f,0x4d,0x00,0x00,0x00,0x00,0x0f,0x00,0x05,0x00,0x00,0x00,0x59,0x49,0x45,0x4c,0x44,0x00,0x00,
0x00,0x00,0x0f,0x00,0x05,0x00,0x00,0x00,0x42,0x52,0x45,0x41,0x4b,0x00,0x00,0x00,0x00,0x0f,0x00,0x08,
0x00,0x00,0x00,0x43,0x4f,0x4e,0x54,0x49,0x4e,0x55,0x45,0x00,0x00,0x00,0x00,0x0f,0x00,0x05,0x00,0x00,
0x00,0x44,0x45,0x46,0x45,0x52,0x00,0x00,0x00,0x00,0x0f,0x00,0x0b,0x00,0x00,0x00,0x49,0x4d,0x50,0x4f,
0x52,0x54,0x5f,0x53,0x54,0x4d,0x54,0x00,0x00,0x00,0x00,0x0f,0x00,0x0b,0x00,0x00,0x00,0x45,0x58,0x50,
0x4f,0x52,0x54,0x5f,0x53,0x54,0x4d,0x54,0x00,0x00,0x00,0x00,0x0f,0x00,0x0c,0x00,0x00,0x00,0x4d,0x55,
0x4c,0x54,0x49,0x46,0x4e,0x5f,0x44,0x45,0x43,0x4c,0x00,0x00,0x00,0x00,0x0f,0x00,0x09,0x00,0x00,0x00,
0x45,0x4e,0x55,0x4d,0x5f,0x44,0x45,0x43,0x4c,0x00,0x00,0x00,0x00,0x0f,0x00,0x0a,0x00,0x00,0x00,0x43,
0x4c,0x41,0x53,0x53,0x5f,0x44,0x45,0x43,0x4c,0x00,0x00,0x00,0x00,0x0f,0x00,0x0a,0x00,0x00,0x00,0x54,
0x52,0x41,0x49,0x54,0x5f,0x44,0x45,0x43,0x4c,0x00,0x00,0x00,0x00,0x0f,0x00,0x0d,0x00,0x00,0x00,0x4c,
0x45,0x58,0x49,0x43,0x41,0x4c,0x5f,0x53,0x43,0x4f,0x50,0x45,0x00,0x00,0x00,0x00,0x0f,0x00,0x0a,0x00,
0x00,0x00,0x45,0x58,0x50,0x52,0x45,0x53,0x53,0x49,0x4f,0x4e,0x00,0x00,0x00,0x00,0x0a,0x00,0x00,0x00,
0x45,0x58,0x50,0x52,0x45,0x53,0x53,0x49,0x4f,0x4e,0x08,0x00,0x00,0x00,0x00,0x00,0x00,0x00,0x00,0x00,
0x00,0x00,0x00,0x01,0x00,0x04,0x00,0x00,0x00,0x0f,0x00,0x12,0x00,0x00,0x00,0x44,0x45,0x53,0x54,0x52,
0x55,0x43,0x54,0x55,0x52,0x45,0x5f,0x41,0x53,0x53,0x49,0x47,0x4e,0x00,0x00,0x00,0x00,0x0f,0x00,0x0a,
0x00,0x00,0x00,0x41,0x53,0x53,0x49,0x47,0x4e,0x4d,0x45,0x4e,0x54,0x00,0x00,0x00,0x00,0x0f,0x00,0x03,
0x00,0x00,0x00,0x54,0x52,0x59,0x00,0x00,0x00,0x00,0x0f,0x00,0x0b,0x00,0x00,0x00,0x43,0x4f,0x4e,0x44,
0x49,0x54,0x49,0x4f,0x4e,0x41,0x4c,0x00,0x00,0x00,0x00,0x07,0x00,0x00,0x00,0x42,0x49,0x54,0x5f,0x41,
0x4e,0x44,0x08,0x00,0x00,0x00,0x00,0x00,0x00,0x00,0x00,0x00,0x00,0x00,0x00,0x00,0x02,0x00,0x00,0x00,
0x0f,0x00,0x05,0x00,0x00,0x00,0x53,0x48,0x49,0x46,0x54,0x00,0x00,0x00,0x00,0x02,0x00,0x00,0x00,0x00,
0x00,0x00,0x00,0x00,0xff,0xff,0xff,0xff,0xff,0xff,0xff,0xff,0x00,0x04,0x00,0x00,0x00,0x0f,0x00,0x03,
0x00,0x00,0x00,0x5f,0x68,0x5f,0x00,0x00,0x00,0x00,0x0f,0x00,0x10,0x00,0x00,0x00,0x42,0x49,0x54,0x5f,
0x41,0x4e,0x44,0x5f,0x4f,0x50,0x45,0x52,0x41,0x54,0x4f,0x52,0x00,0x00,0x00,0x00,0x0f,0x00,0x01,0x00,
0x00,0x00,0x5f,0x00,0x00,0x00,0x00,0x0f,0x00,0x05,0x00,0x00,0x00,0x53,0x48,0x49,0x46,0x54,0x00,0x00,
0x00,0x00,0x07,0x00,0x00,0x00,0x43,0x6f,0x6d,0x6d,0x65,0x6e,0x74,0x08,0x00,0x00,0x00,0x00,0x00,0x00,
0x00,0x00,0x00,0x00,0x00,0x00,0x01,0x00,0x02,0x00,0x00,0x00,0x0f,0x00,0x0c,0x00,0x00,0x00,0x42,0x6c,
0x6f,0x63,0x6b,0x43,0x6f,0x6d,0x6d,0x65,0x6e,0x74,0x00,0x00,0x00,0x00,0x0f,0x00,0x0b,0x00,0x00,0x00,
0x4c,0x69,0x6e,0x65,0x43,0x6f,0x6d,0x6d,0x65,0x6e,0x74,0x00,0x00,0x00,0x00,0x07,0x00,0x00,0x00,0x56,
0x41,0x52,0x49,0x41,0x4e,0x54,0x08,0x00,0x00,0x00,0x00,0x00,0x00,0x00,0x00,0x00,0x00,0x00,0x00,0x00,
0x02,0x00,0x00,0x00,0x0f,0x00,0x0a,0x00,0x00,0x00,0x49,0x44,0x45,0x4e,0x54,0x49,0x46,0x49,0x45,0x52,
0x00,0x00,0x00,0x00,0x02,0x00,0x00,0x00,0x00,0x00,0x00,0x00,0x00,0x01,0x00,0x00,0x00,0x00,0x00,0x00,
0x00,0x00,0x06,0x00,0x00,0x00,0x0f,0x00,0x01,0x00,0x00,0x00,0x5f,0x00,0x00,0x00,0x00,0x06,0x00,0x01,
0x00,0x00,0x00,0x28,0x0f,0x00,0x01,0x00,0x00,0x00,0x5f,0x00,0x00,0x00,0x00,0x02,0x00,0x00,0x00,0x00,
0x00,0x00,0x00,0x00,0x01,0x00,0x00,0x00,0x00,0x00,0x00,0x00,0x00,0x02,0x00,0x00,0x00,0x0f,0x00,0x0d,
0x00,0x00,0x00,0x56,0x41,0x52,0x49,0x41,0x4e,0x54,0x5f,0x46,0x49,0x45,0x4c,0x44,0x00,0x00,0x00,0x00,
0x02,0x00,0x00,0x00,0x00,0x00,0x00,0x00,0x00,0xff,0xff,0xff,0xff,0xff,0xff,0xff,0xff,0x00,0x04,0x00,
0x00,0x00,0x0f,0x00,0x01,0x00,0x00,0x00,0x5f,0x00,0x00,0x00,0x00,0x06,0x00,0x01,0x00,0x00,0x00,0x2c,
0x0f,0x00,0x01,0x00,0x00,0x00,0x5f,0x00,0x00,0x00,0x00,0x0f,0x00,0x0d,0x00,0x00,0x00,0x56,0x41,0x52,
0x49,0x41,0x4e,0x54,0x5f,0x46,0x49,0x45,0x4c,0x44,0x00,0x00,0x00,0x00,0x0f,0x00,0x01,0x00,0x00,0x00,
0x5f,0x00,0x00,0x00,0x00,0x06,0x00,0x01,0x00,0x00,0x00,0x29,0x0a,0x00,0x00,0x00,0x43,0x4c,0x41,0x53,
0x53,0x5f,0x48,0x45,0x41,0x44,0x08,0x00,0x00,0x00,0x00,0x00,0x00,0x00,0x00,0x00,0x00,0x00,0x00,0x0c,
0x00,0x03,0x00,0x00,0x00,0x0f,0x00,0x0d,0x00,0x00,0x00,0x49,0x64,0x65,0x6e,0x74,0x49,0x6e,0x69,0x74,
0x43,0x68,0x61,0x72,0x00,0x00,0x00,0x00,0x02,0x00,0x00,0x00,0x00,0x00,0x00,0x00,0x00,0xff,0xff,0xff,
0xff,0xff,0xff,0xff,0xff,0x0f,0x00,0x09,0x00,0x00,0x00,0x49,0x64,0x65,0x6e,0x74,0x43,0x68,0x61,0x72,
0x00,0x00,0x00,0x00,0x02,0x00,0x00,0x00,0x00,0x00,0x00,0x00,0x00,0x01,0x00,0x00,0x00,0x00,0x00,0x00,
0x00,0x00,0x09,0x00,0x00,0x00,0x0f,0x00,0x04,0x00,0x00,0x00,0x5f,0x73,0x70,0x5f,0x00,0x00,0x00,0x00,
0x06,0x00,0x01,0x00,0x00,0x00,0x3c,0x0f,0x00,0x04,0x00,0x00,0x00,0x5f,0x73,0x70,0x5f,0x00,0x00,0x00,
0x00,0x07,0x00,0x00,0x01,0x00,0x00,0x00,0x41,0x00,0x00,0x00,0x5a,0x00,0x00,0x00,0x02,0x00,0x00,0x00,
0x00,0x00,0x00,0x00,0x00,0xff,0xff,0xff,0xff,0xff,0xff,0xff,0xff,0x07,0x00,0x00,0x04,0x00,0x00,0x00,
0x61,0x00,0x00,0x00,0x7a,0x00,0x00,0x00,0x41,0x00,0x00,0x00,0x5a,0x00,0x00,0x00,0x5f,0x00,0x00,0x00,
0x5f,0x00,0x00,0x00,0x30,0x00,0x00,0x00,0x39,0x00,0x00,0x00,0x02,0x00,0x00,0x00,0x00,0x00,0x00,0x00,
0x00,0x01,0x00,0x00,0x00,0x00,0x00,0x00,0x00,0x00,0x06,0x00,0x00,0x00,0x0f,0x00,0x04,0x00,0x00,0x00,
0x5f,0x73,0x70,0x5f,0x00,0x00,0x00,0x00,0x06,0x00,0x01,0x00,0x00,0x00,0x3a,0x0f,0x00,0x04,0x00,0x00,
0x00,0x5f,0x73,0x70,0x5f,0x00,0x00,0x00,0x00,0x07,0x00,0x00,0x01,0x00,0x00,0x00,0x41,0x00,0x00,0x00,
0x5a,0x00,0x00,0x00,0x02,0x00,0x00,0x00,0x00,0x00,0x00,0x00,0x00,0xff,0xff,0xff,0xff,0xff,0xff,0xff,
0xff,0x07,0x00,0x00,0x04,0x00,0x00,0x00,0x61,0x00,0x00,0x00,0x7a,0x00,0x00,0x00,0x41,0x00,0x00,0x00,
0x5a,0x00,0x00,0x00,0x5f,0x00,0x00,0x00,0x5f,0x00,0x00,0x00,0x30,0x00,0x00,0x00,0x39,0x00,0x00,0x00,
0x02,0x00,0x00,0x00,0x00,0x00,0x00,0x00,0x00,0xff,0xff,0xff,0xff,0xff,0xff,0xff,0xff,0x00,0x05,0x00,
0x00,0x00,0x0f,0x00,0x04,0x00,0x00,0x00,0x5f,0x73,0x70,0x5f,0x00,0x00,0x00,0x00,0x06,0x00,0x01,0x00,
0x00,0x00,0x2b,0x0f,0x00,0x04,0x00,0x00,0x00,0x5f,0x73,0x70,0x5f,0x00,0x00,0x00,0x00,0x07,0x00,0x00,
0x01,0x00,0x00,0x00,0x41,0x00,0x00,0x00,0x5a,0x00,0x00,0x00,0x02,0x00,0x00,0x00,0x00,0x00,0x00,0x00,
0x00,0xff,0xff,0xff,0xff,0xff,0xff,0xff,0xff,0x07,0x00,0x00,0x04,0x00,0x00,0x00,0x61,0x00,0x00,0x00,
0x7a,0x00,0x00,0x00,0x41,0x00,0x00,0x00,0x5a,0x00,0x00,0x00,0x5f,0x00,0x00,0x00,0x5f,0x00,0x00,0x00,
0x30,0x00,0x00,0x00,0x39,0x00,0x00,0x00,0x02,0x00,0x00,0x00,0x00,0x00,0x00,0x00,0x00,0xff,0xff,0xff,
0xff,0xff,0xff,0xff,0xff,0x00,0x06,0x00,0x00,0x00,0x0f,0x00,0x04,0x00,0x00,0x00,0x5f,0x73,0x70,0x5f,
0x00,0x00,0x00,0x00,0x06,0x00,0x01,0x00,0x00,0x00,0x2c,0x0f,0x00,0x04,0x00,0x00,0x00,0x5f,0x73,0x70,
0x5f,0x00,0x00,0x00,0x00,0x07,0x00,0x00,0x01,0x00,0x00,0x00,0x41,0x00,0x00,0x00,0x5a,0x00,0x00,0x00,
0x02,0x00,0x00,0x00,0x00,0x00,0x00,0x00,0x00,0xff,0xff,0xff,0xff,0xff,0xff,0xff,0xff,0x07,0x00,0x00,
0x04,0x00,0x00,0x00,0x61,0x00,0x00,0x00,0x7a,0x00,0x00,0x00,0x41,0x00,0x00,0x00,0x5a,0x00,0x00,0x00,
0x5f,0x00,0x00,0x00,0x5f,0x00,0x00,0x00,0x30,0x00,0x00,0x00,0x39,0x00,0x00,0x00,0x02,0x00,0x00,0x00,
0x00,0x00,0x00,0x00,0x00,0x01,0x00,0x00,0x00,0x00,0x00,0x00,0x00,0x00,0x06,0x00,0x00,0x00,0x0f,0x00,
0x04,0x00,0x00,0x00,0x5f,0x73,0x70,0x5f,0x00,0x00,0x00,0x00,0x06,0x00,0x01,0x00,0x00,0x00,0x3a,0x0f,
0x00,0x04,0x00,0x00,0x00,0x5f,0x73,0x70,0x5f,0x00,0x00,0x00,0x00,0x07,0x00,0x00,0x01,0x00,0x00,0x00,
0x41,0x00,0x00,0x00,0x5a,0x00,0x00,0x00,0x02,0x00,0x00,0x00,0x00,0x00,0x00,0x00,0x00,0xff,0xff,0xff,
0xff,0xff,0xff,0xff,0xff,0x07,0x00,0x00,0x04,0x00,0x00,0x00,0x61,0x00,0x00,0x00,0x7a,0x00,0x00,0x00,
0x41,0x00,0x00,0x00,0x5a,0x00,0x00,0x00,0x5f,0x00,0x00,0x00,0x5f,0x00,0x00,0x00,0x30,0x00,0x00,0x00,
0x39,0x00,0x00,0x00,0x02,0x00,0x00,0x00,0x00,0x00,0x00,0x00,0x00,0xff,0xff,0xff,0xff,0xff,0xff,0xff,
0xff,0x00,0x05,0x00,0x00,0x00,0x0f,0x00,0x04,0x00,0x00,0x00,0x5f,0x73,0x70,0x5f,0x00,0x00,0x00,0x00,
0x06,0x00,0x01,0x00,0x00,0x00,0x2b,0x0f,0x00,0x04,0x00,0x00,0x00,0x5f,0x73,0x70,0x5f,0x00,0x00,0x00,
0x00,0x07,0x00,0x00,0x01,0x00,0x00,0x00,0x41,0x00,0x00,0x00,0x5a,0x00,0x00,0x00,0x02,0x00,0x00,0x00,
0x00,0x00,0x00,0x00,0x00,0xff,0xff,0xff,0xff,0xff,0xff,0xff,0xff,0x07,0x00,0x00,0x04,0x00,0x00,0x00,
0x61,0x00,0x00,0x00,0x7a,0x00,0x00,0x00,0x41,0x00,0x00,0x00,0x5a,0x00,0x00,0x00,0x5f,0x00,0x00,0x00,
0x5f,0x00,0x00,0x00,0x30,0x00,0x00,0x00,0x39,0x00,0x00,0x00,0x0f,0x00,0x04,0x00,0x00,0x00,0x5f,0x73,
0x70,0x5f,0x00,0x00,0x00,0x00,0x06,0x00,0x01,0x00,0x00,0x00,0x3e,0x0e,0x00,0x00,0x00,0x4e,0x44,0x5f,
0x4c,0x4f,0x47,0x49,0x43,0x41,0x4c,0x5f,0x41,0x4e,0x44,0x08,0x00,0x00,0x00,0x00,0x0b,0x00,0x00,0x00,
0x4c,0x4f,0x47,0x49,0x43,0x41,0x4c,0x5f,0x41,0x4e,0x44,0x00,0x00,0x00,0x00,0x00,0x02,0x00,0x00,0x00,
0x0f,0x00,0x0c,0x00,0x00,0x00,0x4e,0x44,0x5f,0x43,0x4f,0x4e,0x44,0x49,0x54,0x49,0x4f,0x4e,0x00,0x00,
0x00,0x00,0x02,0x00,0x00,0x00,0x00,0x00,0x00,0x00,0x00,0xff,0xff,0xff,0xff,0xff,0xff,0xff,0xff,0x00,
0x04,0x00,0x00,0x00,0x0f,0x00,0x01,0x00,0x00,0x00,0x5f,0x00,0x00,0x00,0x00,0x06,0x00,0x02,0x00,0x00,
0x00,0x26,0x26,0x0f,0x00,0x01,0x00,0x00,0x00,0x5f,0x00,0x00,0x00,0x00,0x0f,0x00,0x0c,0x00,0x00,0x00,
0x4e,0x44,0x5f,0x43,0x4f,0x4e,0x44,0x49,0x54,0x49,0x4f,0x4e,0x00,0x00,0x00,0x00,0x0f,0x00,0x00,0x00,
0x4e,0x44,0x5f,0x4e,0x49,0x4c,0x5f,0x43,0x4f,0x41,0x4c,0x45,0x53,0x43,0x45,0x08,0x00,0x00,0x00,0x00,
0x0c,0x00,0x00,0x00,0x4e,0x49,0x4c,0x5f,0x43,0x4f,0x41,0x4c,0x45,0x53,0x43,0x45,0x00,0x00,0x00,0x00,
0x00,0x02,0x00,0x00,0x00,0x0f,0x00,0x0d,0x00,0x00,0x00,0x4e,0x44,0x5f,0x4c,0x4f,0x47,0x49,0x43,0x41,
0x4c,0x5f,0x4f,0x52,0x00,0x00,0x00,0x00,0x02,0x00,0x00,0x00,0x00,0x00,0x00,0x00,0x00,0xff,0xff,0xff,
0xff,0xff,0xff,0xff,0xff,0x00,0x04,0x00,0x00,0x00,0x0f,0x00,0x01,0x00,0x00,0x00,0x5f,0x00,0x00,0x00,
0x00,0x06,0x00,0x02,0x00,0x00,0x00,0x3f,0x3f,0x0f,0x00,0x01,0x00,0x00,0x00,0x5f,0x00,0x00,0x00,0x00,
0x0f,0x00,0x0d,0x00,0x00,0x00,0x4e,0x44,0x5f,0x4c,0x4f,0x47,0x49,0x43,0x41,0x4c,0x5f,0x4f,0x52,0x00,
0x00,0x00,0x00,0x10,0x00,0x00,0x00,0x42,0x49,0x54,0x5f,0x41,0x4e,0x44,0x5f,0x4f,0x50,0x45,0x52,0x41,
0x54,0x4f,0x52,0x08,0x00,0x00,0x00,0x00,0x00,0x00,0x00,0x00,0x00,0x00,0x00,0x00,0x0c,0x06,0x00,0x01,
0x00,0x00,0x00,0x26,0x05,0x00,0x00,0x00,0x44,0x45,0x46,0x45,0x52,0x08,0x00,0x00,0x00,0x00,0x00,0x00,
0x00,0x00,0x00,0x00,0x00,0x00,0x00,0x03,0x00,0x00,0x00,0x0f,0x00,0x05,0x00,0x00,0x00,0x64,0x65,0x66,
0x65,0x72,0x00,0x00,0x00,0x00,0x0f,0x00,0x01,0x00,0x00,0x00,0x5f,0x00,0x00,0x00,0x00,0x0f,0x00,0x05,
0x00,0x00,0x00,0x42,0x4c,0x4f,0x43,0x4b,0x00,0x00,0x00,0x00,0x0b,0x00,0x00,0x00,0x4c,0x4f,0x47,0x49,
0x43,0x41,0x4c,0x5f,0x41,0x4e,0x44,0x08,0x00,0x00,0x00,0x00,0x00,0x00,0x00,0x00,0x00,0x00,0x00,0x00,
0x00,0x02,0x00,0x00,0x00,0x0f,0x00,0x09,0x00,0x00,0x00,0x43,0x4f,0x4e,0x44,0x49,0x54,0x49,0x4f,0x4e,
0x00,0x00,0x00,0x00,0x02,0x00,0x00,0x00,0x00,0x00,0x00,0x00,0x00,0xff,0xff,0xff,0xff,0xff,0xff,0xff,
0xff,0x00,0x04,0x00,0x00,0x00,0x0f,0x00,0x01,0x00,0x00,0x00,0x5f,0x00,0x00,0x00,0x00,0x06,0x00,0x02,
0x00,0x00,0x00,0x26,0x26,0x0f,0x00,0x01,0x00,0x00,0x00,0x5f,0x00,0x00,0x00,0x00,0x0f,0x00,0x09,0x00,
0x00,0x00,0x43,0x4f,0x4e,0x44,0x49,0x54,0x49,0x4f,0x4e,0x00,0x00,0x00,0x00,0x0a,0x00,0x00,0x00,0x43,
0x4c,0x41,0x53,0x53,0x5f,0x44,0x45,0x43,0x4c,0x08,0x00,0x00,0x00,0x00,0x00,0x00,0x00,0x00,0x00,0x00,
0x00,0x00,0x00,0x0a,0x00,0x00,0x00,0x02,0x00,0x00,0x00,0x00,0x00,0x00,0x00,0x00,0x01,0x00,0x00,0x00,
0x00,0x00,0x00,0x00,0x00,0x03,0x00,0x00,0x00,0x0f,0x00,0x09,0x00,0x00,0x00,0x44,0x45,0x43,0x4f,0x52,
0x41,0x54,0x4f,0x52,0x00,0x00,0x00,0x00,0x02,0x00,0x00,0x00,0x00,0x00,0x00,0x00,0x00,0xff,0xff,0xff,
0xff,0xff,0xff,0xff,0xff,0x00,0x02,0x00,0x00,0x00,0x0f,0x00,0x01,0x00,0x00,0x00,0x5f,0x00,0x00,0x00,
0x00,0x0f,0x00,0x09,0x00,0x00,0x00,0x44,0x45,0x43,0x4f,0x52,0x41,0x54,0x4f,0x52,0x00,0x00,0x00,0x00,
0x0f,0x00,0x01,0x00,0x00,0x00,0x5f,0x00,0x00,0x00,0x00,0x0f,0x00,0x05,0x00,0x00,0x00,0x63,0x6c,0x61,
0x73,0x73,0x00,0x00,0x00,0x00,0x0f,0x00,0x01,0x00,0x00,0x00,0x5f,0x00,0x00,0x00,0x00,0x0f,0x00,0x0a,
0x00,0x00,0x00,0x43,0x4c,0x41,0x53,0x53,0x5f,0x48,0x45,0x41,0x44,0x00,0x00,0x00,0x00,0x0f,0x00,0x01,
0x00,0x00,0x00,0x5f,0x00,0x00,0x00,0x00,0x06,0x00,0x01,0x00,0x00,0x00,0x7b,0x0f,0x00,0x01,0x00,0x00,
0x00,0x5f,0x00,0x00,0x00,0x00,0x02,0x00,0x00,0x00,0x00,0x00,0x00,0x00,0x00,0x01,0x00,0x00,0x00,0x00,
0x00,0x00,0x00,0x00,0x02,0x00,0x00,0x00,0x0f,0x00,0x06,0x00,0x00,0x00,0x4d,0x45,0x54,0x48,0x4f,0x44,
0x00,0x00,0x00,0x00,0x02,0x00,0x00,0x00,0x00,0x00,0x00,0x00,0x00,0xff,0xff,0xff,0xff,0xff,0xff,0xff,
0xff,0x00,0x02,0x00,0x00,0x00,0x0f,0x00,0x01,0x00,0x00,0x00,0x5f,0x00,0x00,0x00,0x00,0x0f,0x00,0x06,
0x00,0x00,0x00,0x4d,0x45,0x54,0x48,0x4f,0x44,0x00,0x00,0x00,0x00,0x0f,0x00,0x01,0x00,0x00,0x00,0x5f,
0x00,0x00,0x00,0x00,0x06,0x00,0x01,0x00,0x00,0x00,0x7d,0x04,0x00,0x00,0x00,0x65,0x6e,0x75,0x6d,0x09,
0x00,0x00,0x00,0x00,0x00,0x00,0x00,0x00,0x00,0x00,0x00,0x00,0x0f,0x01,0x01,0x00,0x00,0x00,0x4b,0x01,
0x00,0x00,0x00,0x06,0x00,0x04,0x00,0x00,0x00,0x65,0x6e,0x75,0x6d,0x0a,0x00,0x00,0x00,0x54,0x52,0x41,
0x49,0x54,0x5f,0x42,0x4f,0x44,0x59,0x08,0x00,0x00,0x00,0x00,0x00,0x00,0x00,0x00,0x00,0x00,0x00,0x00,
0x0f,0x00,0x05,0x00,0x00,0x00,0x42,0x4c,0x4f,0x43,0x4b,0x00,0x00,0x00,0x00,0x0c,0x00,0x00,0x00,0x4e,
0x49,0x4c,0x5f,0x43,0x4f,0x41,0x4c,0x45,0x53,0x43,0x45,0x08,0x00,0x00,0x00,0x00,0x00,0x00,0x00,0x00,
0x00,0x00,0x00,0x00,0x00,0x02,0x00,0x00,0x00,0x0f,0x00,0x0a,0x00,0x00,0x00,0x4c,0x4f,0x47,0x49,0x43,
0x41,0x4c,0x5f,0x4f,0x52,0x00,0x00,0x00,0x00,0x02,0x00,0x00,0x00,0x00,0x00,0x00,0x00,0x00,0xff,0xff,
0xff,0xff,0xff,0xff,0xff,0xff,0x00,0x04,0x00,0x00,0x00,0x0f,0x00,0x01,0x00,0x00,0x00,0x5f,0x00,0x00,
0x00,0x00,0x06,0x00,0x02,0x00,0x00,0x00,0x3f,0x3f,0x0f,0x00,0x01,0x00,0x00,0x00,0x5f,0x00,0x00,0x00,
0x00,0x0f,0x00,0x0a,0x00,0x00,0x00,0x4c,0x4f,0x47,0x49,0x43,0x41,0x4c,0x5f,0x4f,0x52,0x00,0x00,0x00,
0x00,0x0a,0x00,0x00,0x00,0x49,0x44,0x45,0x4e,0x54,0x49,0x46,0x49,0x45,0x52,0x08,0x00,0x00,0x00,0x00,
0x00,0x00,0x00,0x00,0x00,0x00,0x00,0x00,0x0c,0x00,0x02,0x00,0x00,0x00,0x0f,0x00,0x0d,0x00,0x00,0x00,
0x49,0x64,0x65,0x6e,0x74,0x49,0x6e,0x69,0x74,0x43,0x68,0x61,0x72,0x00,0x00,0x00,0x00,0x02,0x00,0x00,
0x00,0x00,0x00,0x00,0x00,0x00,0xff,0xff,0xff,0xff,0xff,0xff,0xff,0xff,0x0f,0x00,0x09,0x00,0x00,0x00,
0x49,0x64,0x65,0x6e,0x74,0x43,0x68,0x61,0x72,0x00,0x00,0x00,0x00,0x09,0x00,0x00,0x00,0x41,0x53,0x53,
0x49,0x47,0x4e,0x5f,0x4f,0x50,0x08,0x00,0x00,0x00,0x00,0x00,0x00,0x00,0x00,0x00,0x00,0x00,0x00,0x0c,
0x01,0x00,0x09,0x00,0x00,0x00,0x06,0x00,0x03,0x00,0x00,0x00,0x2a,0x2a,0x3d,0x06,0x00,0x03,0x00,0x00,
0x00,0x3f,0x3f,0x3d,0x06,0x00,0x02,0x00,0x00,0x00,0x2b,0x3d,0x06,0x00,0x02,0x00,0x00,0x00,0x2d,0x3d,
0x06,0x00,0x02,0x00,0x00,0x00,0x2a,0x3d,0x06,0x00,0x02,0x00,0x00,0x00,0x2f,0x3d,0x06,0x00,0x02,0x00,
0x00,0x00,0x25,0x3d,0x06,0x00,0x02,0x00,0x00,0x00,0x40,0x3d,0x06,0x00,0x01,0x00,0x00,0x00,0x3d,0x12,
0x00,0x00,0x00,0x44,0x45,0x53,0x54,0x52,0x55,0x43,0x54,0x55,0x52,0x45,0x5f,0x41,0x53,0x53,0x49,0x47,
0x4e,0x08,0x00,0x00,0x00,0x00,0x00,0x00,0x00,0x00,0x00,0x00,0x00,0x00,0x00,0x09,0x00,0x00,0x00,0x0f,
0x00,0x03,0x00,0x00,0x00,0x4c,0x45,0x54,0x00,0x00,0x00,0x00,0x0f,0x00,0x01,0x00,0x00,0x00,0x5f,0x00,
0x00,0x00,0x00,0x0f,0x00,0x07,0x00,0x00,0x00,0x4d,0x55,0x54,0x41,0x42,0x4c,0x45,0x00,0x00,0x00,0x00,
0x0f,0x00,0x01,0x00,0x00,0x00,0x5f,0x00,0x00,0x00,0x00,0x01,0x00,0x03,0x00,0x00,0x00,0x0f,0x00,0x0e,
0x00,0x00,0x00,0x4f,0x42,0x4a,0x45,0x43,0x54,0x5f,0x50,0x41,0x54,0x54,0x45,0x52,0x4e,0x00,0x00,0x00,
0x00,0x0f,0x00,0x0d,0x00,0x00,0x00,0x41,0x52,0x52,0x41,0x59,0x5f,0x50,0x41,0x54,0x54,0x45,0x52,0x4e,
0x00,0x00,0x00,0x00,0x0f,0x00,0x0d,0x00,0x00,0x00,0x54,0x55,0x50,0x4c,0x45,0x5f,0x50,0x41,0x54,0x54,
0x45,0x52,0x4e,0x00,0x00,0x00,0x00,0x0f,0x00,0x01,0x00,0x00,0x00,0x5f,0x00,0x00,0x00,0x00,0x06,0x00,
0x01,0x00,0x00,0x00,0x3d,0x0f,0x00,0x01,0x00,0x00,0x00,0x5f,0x00,0x00,0x00,0x00,0x0f,0x00,0x0a,0x00,
0x00,0x00,0x45,0x58,0x50,0x52,0x45,0x53,0x53,0x49,0x4f,0x4e,0x00,0x00,0x00,0x00,0x0f,0x00,0x00,0x00,
0x4f,0x42,0x4a,0x45,0x43,0x54,0x5f,0x50,0x52,0x4f,0x50,0x45,0x52,0x54,0x59,0x08,0x00,0x00,0x00,0x00,
0x00,0x00,0x00,0x00,0x00,0x00,0x00,0x00,0x01,0x00,0x02,0x00,0x00,0x00,0x00,0x07,0x00,0x00,0x00,0x0f,
0x00,0x07,0x00,0x00,0x00,0x4d,0x55,0x54,0x41,0x42,0x4c,0x45,0x00,0x00,0x00,0x00,0x0f,0x00,0x01,0x00,
0x00,0x00,0x5f,0x00,0x00,0x00,0x00,0x01,0x00,0x08,0x00,0x00,0x00,0x0f,0x00,0x06,0x00,0x00,0x00,0x53,
0x54,0x52,0x49,0x4e,0x47,0x00,0x00,0x00,0x00,0x0f,0x00,0x0a,0x00,0x00,0x00,0x52,0x41,0x57,0x5f,0x53,
0x54,0x52,0x49,0x4e,0x47,0x00,0x00,0x00,0x00,0x0f,0x00,0x13,0x00,0x00,0x00,0x49,0x4e,0x54,0x45,0x52,
0x50,0x4f,0x4c,0x41,0x54,0x45,0x44,0x5f,0x53,0x54,0x52,0x49,0x4e,0x47,0x00,0x00,0x00,0x00,0x0f,0x00,
0x05,0x00,0x00,0x00,0x46,0x4c,0x4f,0x41,0x54,0x00,0x00,0x00,0x00,0x0f,0x00,0x06,0x00,0x00,0x00,0x4e,
0x55,0x4d,0x42,0x45,0x52,0x00,0x00,0x00,0x00,0x0f,0x00,0x03,0x00,0x00,0x00,0x4e,0x49,0x4c,0x00,0x00,
0x00,0x00,0x0f,0x00,0x07,0x00,0x00,0x00,0x42,0x4f,0x4f,0x4c,0x45,0x41,0x4e,0x00,0x00,0x00,0x00,0x0f,
0x00,0x05,0x00,0x00,0x00,0x54,0x55,0x50,0x4c,0x45,0x00,0x00,0x00,0x00,0x0f,0x00,0x01,0x00,0x00,0x00,
0x5f,0x00,0x00,0x00,0x00,0x06,0x00,0x01,0x00,0x00,0x00,0x3a,0x0f,0x00,0x01,0x00,0x00,0x00,0x5f,0x00,
0x00,0x00,0x00,0x0f,0x00,0x0a,0x00,0x00,0x00,0x45,0x58,0x50,0x52,0x45,0x53,0x53,0x49,0x4f,0x4e,0x00,
0x00,0x00,0x00,0x00,0x04,0x00,0x00,0x00,0x0f,0x00,0x07,0x00,0x00,0x00,0x4d,0x55,0x54,0x41,0x42,0x4c,
0x45,0x00,0x00,0x00,0x00,0x0f,0x00,0x01,0x00,0x00,0x00,0x5f,0x00,0x00,0x00,0x00,0x0f,0x00,0x0a,0x00,
0x00,0x00,0x49,0x44,0x45,0x4e,0x54,0x49,0x46,0x49,0x45,0x52,0x00,0x00,0x00,0x00,0x02,0x00,0x00,0x00,
0x00,0x00,0x00,0x00,0x00,0x01,0x00,0x00,0x00,0x00,0x00,0x00,0x00,0x00,0x04,0x00,0x00,0x00,0x0f,0x00,
0x01,0x00,0x00,0x00,0x5f,0x00,0x00,0x00,0x00,0x06,0x00,0x01,0x00,0x00,0x00,0x3a,0x0f,0x00,0x01,0x00,
0x00,0x00,0x5f,0x00,0x00,0x00,0x00,0x0f,0x00,0x0a,0x00,0x00,0x00,0x45,0x58,0x50,0x52,0x45,0x53,0x53,
0x49,0x4f,0x4e,0x00,0x00,0x00,0x00,0x0a,0x00,0x00,0x00,0x41,0x53,0x53,0x49,0x47,0x4e,0x4d,0x45,0x4e,
0x54,0x08,0x00,0x00,0x00,0x00,0x00,0x00,0x00,0x00,0x00,0x00,0x00,0x00,0x00,0x0b,0x00,0x00,0x00,0x0f,
0x00,0x03,0x00,0x00,0x00,0x4c,0x45,0x54,0x00,0x00,0x00,0x00,0x0f,0x00,0x01,0x00,0x00,0x00,0x5f,0x00,
0x00,0x00,0x00,0x0f,0x00,0x07,0x00,0x00,0x00,0x4d,0x55,0x54,0x41,0x42,0x4c,0x45,0x00,0x00,0x00,0x00,
0x0f,0x00,0x01,0x00,0x00,0x00,0x5f,0x00,0x00,0x00,0x00,0x0f,0x00,0x07,0x00,0x00,0x00,0x50,0x52,0x49,
0x4d,0x41,0x52,0x59,0x00,0x00,0x00,0x00,0x02,0x00,0x00,0x00,0x00,0x00,0x00,0x00,0x00,0xff,0xff,0xff,
0xff,0xff,0xff,0xff,0xff,0x01,0x00,0x02,0x00,0x00,0x00,0x00,0x02,0x00,0x00,0x00,0x0f,0x00,0x03,0x00,
0x00,0x00,0x5f,0x68,0x5f,0x00,0x00,0x00,0x00,0x01,0x00,0x02,0x00,0x00,0x00,0x0f,0x00,0x09,0x00,0x00,
0x00,0x41,0x52,0x47,0x55,0x4d,0x45,0x4e,0x54,0x53,0x00,0x00,0x00,0x00,0x0f,0x00,0x05,0x00,0x00,0x00,
0x49,0x4e,0x44,0x45,0x58,0x00,0x00,0x00,0x00,0x00,0x02,0x00,0x00,0x00,0x0f,0x00,0x01,0x00,0x00,0x00,
0x5f,0x00,0x00,0x00,0x00,0x0f,0x00,0x03,0x00,0x00,0x00,0x44,0x4f,0x54,0x00,0x00,0x00,0x00,0x02,0x00,
0x00,0x00,0x00,0x00,0x00,0x00,0x00,0x01,0x00,0x00,0x00,0x00,0x00,0x00,0x00,0x00,0x02,0x00,0x00,0x00,
0x0f,0x00,0x01,0x00,0x00,0x00,0x5f,0x00,0x00,0x00,0x00,0x0f,0x00,0x0f,0x00,0x00,0x00,0x54,0x59,0x50,
0x45,0x5f,0x41,0x4e,0x4e,0x4f,0x54,0x41,0x54,0x49,0x4f,0x4e,0x00,0x00,0x00,0x00,0x0f,0x00,0x01,0x00,
0x00,0x00,0x5f,0x00,0x00,0x00,0x00,0x0f,0x00,0x09,0x00,0x00,0x00,0x41,0x53,0x53,0x49,0x47,0x4e,0x5f,
0x4f,0x50,0x00,0x00,0x00,0x00,0x0f,0x00,0x01,0x00,0x00,0x00,0x5f,0x00,0x00,0x00,0x00,0x0f,0x00,0x0a,
0x00,0x00,0x00,0x45,0x58,0x50,0x52,0x45,0x53,0x53,0x49,0x4f,0x4e,0x00,0x00,0x00,0x00,0x0e,0x00,0x00,
0x00,0x4e,0x44,0x5f,0x43,0x4f,0x4e,0x44,0x49,0x54,0x49,0x4f,0x4e,0x41,0x4c,0x08,0x00,0x00,0x00,0x00,
0x0b,0x00,0x00,0x00,0x43,0x4f,0x4e,0x44,0x49,0x54,0x49,0x4f,0x4e,0x41,0x4c,0x00,0x00,0x00,0x00,0x00,
0x02,0x00,0x00,0x00,0x0f,0x00,0x0f,0x00,0x00,0x00,0x4e,0x44,0x5f,0x4e,0x49,0x4c,0x5f,0x43,0x4f,0x41,
0x4c,0x45,0x53,0x43,0x45,0x00,0x00,0x00,0x00,0x02,0x00,0x00,0x00,0x00,0x00,0x00,0x00,0x00,0x01,0x00,
0x00,0x00,0x00,0x00,0x00,0x00,0x00,0x08,0x00,0x00,0x00,0x0f,0x00,0x01,0x00,0x00,0x00,0x5f,0x00,0x00,
0x00,0x00,0x06,0x00,0x01,0x00,0x00,0x00,0x3f,0x0f,0x00,0x01,0x00,0x00,0x00,0x5f,0x00,0x00,0x00,0x00,
0x0f,0x00,0x0d,0x00,0x00,0x00,0x4e,0x44,0x5f,0x45,0x58,0x50,0x52,0x45,0x53,0x53,0x49,0x4f,0x4e,0x00,
0x00,0x00,0x00,0x0f,0x00,0x01,0x00,0x00,0x00,0x5f,0x00,0x00,0x00,0x00,0x06,0x00,0x01,0x00,0x00,0x00,
0x3a,0x0f,0x00,0x01,0x00,0x00,0x00,0x5f,0x00,0x00,0x00,0x00,0x0f,0x00,0x0e,0x00,0x00,0x00,0x4e,0x44,
0x5f,0x43,0x4f,0x4e,0x44,0x49,0x54,0x49,0x4f,0x4e,0x41,0x4c,0x00,0x00,0x00,0x00,0x05,0x00,0x00,0x00,
0x50,0x4f,0x57,0x45,0x52,0x08,0x00,0x00,0x00,0x00,0x00,0x00,0x00,0x00,0x00,0x00,0x00,0x00,0x00,0x02,
0x00,0x00,0x00,0x0f,0x00,0x04,0x00,0x00,0x00,0x43,0x41,0x4c,0x4c,0x00,0x00,0x00,0x00,0x02,0x00,0x00,
0x00,0x00,0x00,0x00,0x00,0x00,0x01,0x00,0x00,0x00,0x00,0x00,0x00,0x00,0x00,0x04,0x00,0x00,0x00,0x0f,
0x00,0x01,0x00,0x00,0x00,0x5f,0x00,0x00,0x00,0x00,0x0f,0x00,0x0e,0x00,0x00,0x00,0x50,0x4f,0x57,0x45,
0x52,0x5f,0x4f,0x50,0x45,0x52,0x41,0x54,0x4f,0x52,0x00,0x00,0x00,0x00,0x0f,0x00,0x01,0x00,0x00,0x00,
0x5f,0x00,0x00,0x00,0x00,0x0f,0x00,0x0a,0x00,0x00,0x00,0x55,0x4e,0x41,0x52,0x59,0x5f,0x50,0x4c,0x55,
0x53,0x00,0x00,0x00,0x00,0x0b,0x00,0x00,0x00,0x43,0x4f,0x4e,0x44,0x49,0x54,0x49,0x4f,0x4e,0x41,0x4c,
0x08,0x00,0x00,0x00,0x00,0x00,0x00,0x00,0x00,0x00,0x00,0x00,0x00,0x00,0x02,0x00,0x00,0x00,0x0f,0x00,
0x0c,0x00,0x00,0x00,0x4e,0x49,0x4c,0x5f,0x43,0x4f,0x41,0x4c,0x45,0x53,0x43,0x45,0x00,0x00,0x00,0x00,
0x02,0x00,0x00,0x00,0x00,0x00,0x00,0x00,0x00,0x01,0x00,0x00,0x00,0x00,0x00,0x00,0x00,0x00,0x08,0x00,
0x00,0x00,0x0f,0x00,0x01,0x00,0x00,0x00,0x5f,0x00,0x00,0x00,0x00,0x06,0x00,0x01,0x00,0x00,0x00,0x3f,
0x0f,0x00,0x01,0x00,0x00,0x00,0x5f,0x00,0x00,0x00,0x00,0x0f,0x00,0x0a,0x00,0x00,0x00,0x45,0x58,0x50,
0x52,0x45,0x53,0x53,0x49,0x4f,0x4e,0x00,0x00,0x00,0x00,0x0f,0x00,0x01,0x00,0x00,0x00,0x5f,0x00,0x00,
0x00,0x00,0x06,0x00,0x01,0x00,0x00,0x00,0x3a,0x0f,0x00,0x01,0x00,0x00,0x00,0x5f,0x00,0x00,0x00,0x00,
0x0f,0x00,0x0b,0x00,0x00,0x00,0x43,0x4f,0x4e,0x44,0x49,0x54,0x49,0x4f,0x4e,0x41,0x4c,0x00,0x00,0x00,
0x00,0x0a,0x00,0x00,0x00,0x59,0x49,0x45,0x4c,0x44,0x5f,0x46,0x52,0x4f,0x4d,0x0c,0x00,0x00,0x00,0x00,
0x00,0x00,0x00,0x00,0x00,0x00,0x00,0x00,0x00,0x06,0x00,0x00,0x00,0x0f,0x00,0x05,0x00,0x00,0x00,0x79,
0x69,0x65,0x6c,0x64,0x00,0x00,0x00,0x00,0x0f,0x00,0x04,0x00,0x00,0x00,0x5f,0x73,0x70,0x5f,0x00,0x00,
0x00,0x00,0x0f,0x00,0x04,0x00,0x00,0x00,0x66,0x72,0x6f,0x6d,0x00,0x00,0x00,0x00,0x0f,0x00,0x04,0x00,
0x00,0x00,0x5f,0x73,0x70,0x5f,0x00,0x00,0x00,0x00,0x04,0x0f,0x00,0x04,0x00,0x00,0x00,0x5f,0x6e,0x6c,
0x5f,0x00,0x00,0x00,0x00,0x0f,0x00,0x0a,0x00,0x00,0x00,0x45,0x58,0x50,0x52,0x45,0x53,0x53,0x49,0x4f,
0x4e,0x00,0x00,0x00,0x00,0x03,0x00,0x00,0x00,0x54,0x52,0x59,0x08,0x00,0x00,0x00,0x00,0x00,0x00,0x00,
0x00,0x00,0x00,0x00,0x00,0x00,0x09,0x00,0x00,0x00,0x0f,0x00,0x03,0x00,0x00,0x00,0x74,0x72,0x79,0x00,
0x00,0x00,0x00,0x0f,0x00,0x01,0x00,0x00,0x00,0x5f,0x00,0x00,0x00,0x00,0x0f,0x00,0x05,0x00,0x00,0x00,
0x42,0x4c,0x4f,0x43,0x4b,0x00,0x00,0x00,0x00,0x0f,0x00,0x01,0x00,0x00,0x00,0x5f,0x00,0x00,0x00,0x00,
0x0f,0x00,0x05,0x00,0x00,0x00,0x63,0x61,0x74,0x63,0x68,0x00,0x00,0x00,0x00,0x0f,0x00,0x01,0x00,0x00,
0x00,0x5f,0x00,0x00,0x00,0x00,0x0f,0x00,0x0a,0x00,0x00,0x00,0x49,0x44,0x45,0x4e,0x54,0x49,0x46,0x49,
0x45,0x52,0x00,0x00,0x00,0x00,0x0f,0x00,0x01,0x00,0x00,0x00,0x5f,0x00,0x00,0x00,0x00,0x0f,0x00,0x05,
0x00,0x00,0x00,0x42,0x4c,0x4f,0x43,0x4b,0x00,0x00,0x00,0x00,0x07,0x00,0x00,0x00,0x42,0x4f,0x4f,0x4c,
0x45,0x41,0x4e,0x08,0x00,0x00,0x00,0x00,0x00,0x00,0x00,0x00,0x00,0x00,0x00,0x00,0x0f,0x01,0x01,0x00,
0x00,0x00,0x4b,0x01,0x00,0x00,0x00,0x01,0x00,0x02,0x00,0x00,0x00,0x06,0x00,0x04,0x00,0x00,0x00,0x74,
0x72,0x75,0x65,0x06,0x00,0x05,0x00,0x00,0x00,0x66,0x61,0x6c,0x73,0x65,0x03,0x00,0x00,0x00,0x46,0x4f,
0x52,0x0c,0x00,0x00,0x00,0x00,0x00,0x00,0x00,0x00,0x00,0x00,0x00,0x00,0x00,0x09,0x00,0x00,0x00,0x0f,
0x00,0x03,0x00,0x00,0x00,0x66,0x6f,0x72,0x00,0x00,0x00,0x00,0x0f,0x00,0x01,0x00,0x00,0x00,0x5f,0x00,
0x00,0x00,0x00,0x0f,0x00,0x0b,0x00,0x00,0x00,0x46,0x4f,0x52,0x5f,0x42,0x49,0x4e,0x44,0x49,0x4e,0x47,
0x00,0x00,0x00,0x00,0x0f,0x00,0x01,0x00,0x00,0x00,0x5f,0x00,0x00,0x00,0x00,0x0f,0x00,0x02,0x00,0x00,
0x00,0x69,0x6e,0x00,0x00,0x00,0x00,0x0f,0x00,0x01,0x00,0x00,0x00,0x5f,0x00,0x00,0x00,0x00,0x0f,0x00,
0x0a,0x00,0x00,0x00,0x45,0x58,0x50,0x52,0x45,0x53,0x53,0x49,0x4f,0x4e,0x00,0x00,0x00,0x00,0x0f,0x00,
0x01,0x00,0x00,0x00,0x5f,0x00,0x00,0x00,0x00,0x0f,0x00,0x05,0x00,0x00,0x00,0x42,0x4c,0x4f,0x43,0x4b,
0x00,0x00,0x00,0x00,0x06,0x00,0x00,0x00,0x42,0x49,0x54,0x5f,0x4f,0x52,0x08,0x00,0x00,0x00,0x00,0x00,
0x00,0x00,0x00,0x00,0x00,0x00,0x00,0x00,0x02,0x00,0x00,0x00,0x0f,0x00,0x07,0x00,0x00,0x00,0x42,0x49,
0x54,0x5f,0x58,0x4f,0x52,0x00,0x00,0x00,0x00,0x02,0x00,0x00,0x00,0x00,0x00,0x00,0x00,0x00,0xff,0xff,
0xff,0xff,0xff,0xff,0xff,0xff,0x00,0x04,0x00,0x00,0x00,0x0f,0x00,0x03,0x00,0x00,0x00,0x5f,0x68,0x5f,
0x00,0x00,0x00,0x00,0x0f,0x00,0x0f,0x00,0x00,0x00,0x42,0x49,0x54,0x5f,0x4f,0x52,0x5f,0x4f,0x50,0x45,
0x52,0x41,0x54,0x4f,0x52,0x00,0x00,0x00,0x00,0x0f,0x00,0x01,0x00,0x00,0x00,0x5f,0x00,0x00,0x00,0x00,
0x0f,0x00,0x07,0x00,0x00,0x00,0x42,0x49,0x54,0x5f,0x58,0x4f,0x52,0x00,0x00,0x00,0x00,0x0d,0x00,0x00,
0x00,0x4e,0x44,0x5f,0x45,0x58,0x50,0x52,0x45,0x53,0x53,0x49,0x4f,0x4e,0x08,0x00,0x00,0x00,0x00,0x00,
0x00,0x00,0x00,0x00,0x00,0x00,0x00,0x01,0x00,0x04,0x00,0x00,0x00,0x0f,0x00,0x12,0x00,0x00,0x00,0x44,
0x45,0x53,0x54,0x52,0x55,0x43,0x54,0x55,0x52,0x45,0x5f,0x41,0x53,0x53,0x49,0x47,0x4e,0x00,0x00,0x00,
0x00,0x0f,0x00,0x0a,0x00,0x00,0x00,0x41,0x53,0x53,0x49,0x47,0x4e,0x4d,0x45,0x4e,0x54,0x00,0x00,0x00,
0x00,0x0f,0x00,0x03,0x00,0x00,0x00,0x54,0x52,0x59,0x00,0x00,0x00,0x00,0x0f,0x00,0x0e,0x00,0x00,0x00,
0x4e,0x44,0x5f,0x43,0x4f,0x4e,0x44,0x49,0x54,0x49,0x4f,0x4e,0x41,0x4c,0x00,0x00,0x00,0x00,0x04,0x00,
0x00,0x00,0x5f,0x6e,0x6c,0x5f,0x09,0x00,0x00,0x00,0x00,0x00,0x00,0x00,0x00,0x00,0x00,0x00,0x00,0x00,
0x02,0x00,0x00,0x00,0x02,0x00,0x00,0x00,0x00,0x00,0x00,0x00,0x00,0x01,0x00,0x00,0x00,0x00,0x00,0x00,
0x00,0x0f,0x00,0x0b,0x00,0x00,0x00,0x4c,0x69,0x6e,0x65,0x43,0x6f,0x6d,0x6d,0x65,0x6e,0x74,0x00,0x00,
0x00,0x00,0x0f,0x00,0x09,0x00,0x00,0x00,0x45,0x6e,0x64,0x4f,0x66,0x4c,0x69,0x6e,0x65,0x00,0x00,0x00,
0x00,0x09,0x00,0x00,0x00,0x41,0x52,0x47,0x53,0x5f,0x52,0x45,0x53,0x54,0x08,0x00,0x00,0x00,0x00,0x00,
0x00,0x00,0x00,0x00,0x00,0x00,0x00,0x00,0x03,0x00,0x00,0x00,0x06,0x00,0x01,0x00,0x00,0x00,0x2a,0x0f,
0x00,0x01,0x00,0x00,0x00,0x5f,0x00,0x00,0x00,0x00,0x0c,0x00,0x02,0x00,0x00,0x00,0x0f,0x00,0x0d,0x00,
0x00,0x00,0x49,0x64,0x65,0x6e,0x74,0x49,0x6e,0x69,0x74,0x43,0x68,0x61,0x72,0x00,0x00,0x00,0x00,0x02,
0x00,0x00,0x00,0x00,0x00,0x00,0x00,0x00,0xff,0xff,0xff,0xff,0xff,0xff,0xff,0xff,0x0f,0x00,0x09,0x00,
0x00,0x00,0x49,0x64,0x65,0x6e,0x74,0x43,0x68,0x61,0x72,0x00,0x00,0x00,0x00,0x09,0x00,0x00,0x00,0x50,
0x41,0x52,0x41,0x4d,0x45,0x54,0x45,0x52,0x08,0x00,0x00,0x00,0x00,0x00,0x00,0x00,0x00,0x00,0x00,0x00,
0x00,0x01,0x00,0x07,0x00,0x00,0x00,0x0f,0x00,0x0b,0x00,0x00,0x00,0x4b,0x57,0x41,0x52,0x47,0x53,0x5f,
0x52,0x45,0x53,0x54,0x00,0x00,0x00,0x00,0x0f,0x00,0x09,0x00,0x00,0x00,0x41,0x52,0x47,0x53,0x5f,0x52,
0x45,0x53,0x54,0x00,0x00,0x00,0x00,0x0f,0x00,0x0b,0x00,0x00,0x00,0x4b,0x57,0x5f,0x4f,0x4e,0x4c,0x59,
0x5f,0x53,0x45,0x50,0x00,0x00,0x00,0x00,0x0f,0x00,0x0e,0x00,0x00,0x00,0x4f,0x42,0x4a,0x45,0x43,0x54,
0x5f,0x50,0x41,0x54,0x54,0x45,0x52,0x4e,0x00,0x00,0x00,0x00,0x0f,0x00,0x0d,0x00,0x00,0x00,0x41,0x52,
0x52,0x41,0x59,0x5f,0x50,0x41,0x54,0x54,0x45,0x52,0x4e,0x00,0x00,0x00,0x00,0x0f,0x00,0x0d,0x00,0x00,
0x00,0x54,0x55,0x50,0x4c,0x45,0x5f,0x50,0x41,0x54,0x54,0x45,0x52,0x4e,0x00,0x00,0x00,0x00,0x00,0x05,
0x00,0x00,0x00,0x0f,0x00,0x07,0x00,0x00,0x00,0x4d,0x55,0x54,0x41,0x42,0x4c,0x45,0x00,0x00,0x00,0x00,
0x0f,0x00,0x01,0x00,0x00,0x00,0x5f,0x00,0x00,0x00,0x00,0x0f,0x00,0x0a,0x00,0x00,0x00,0x49,0x44,0x45,
0x4e,0x54,0x49,0x46,0x49,0x45,0x52,0x00,0x00,0x00,0x00,0x02,0x00,0x00,0x00,0x00,0x00,0x00,0x00,0x00,
0x01,0x00,0x00,0x00,0x00,0x00,0x00,0x00,0x00,0x02,0x00,0x00,0x00,0x0f,0x00,0x01,0x00,0x00,0x00,0x5f,
0x00,0x00,0x00,0x00,0x0f,0x00,0x0f,0x00,0x00,0x00,0x54,0x59,0x50,0x45,0x5f,0x41,0x4e,0x4e,0x4f,0x54,
0x41,0x54,0x49,0x4f,0x4e,0x00,0x00,0x00,0x00,0x02,0x00,0x00,0x00,0x00,0x00,0x00,0x00,0x00,0x01,0x00,
0x00,0x00,0x00,0x00,0x00,0x00,0x00,0x04,0x00,0x00,0x00,0x0f,0x00,0x01,0x00,0x00,0x00,0x5f,0x00,0x00,
0x00,0x00,0x06,0x00,0x01,0x00,0x00,0x00,0x3d,0x0f,0x00,0x01,0x00,0x00,0x00,0x5f,0x00,0x00,0x00,0x00,
0x0f,0x00,0x0d,0x00,0x00,0x00,0x44,0x45,0x46,0x41,0x55,0x4c,0x54,0x5f,0x56,0x41,0x4c,0x55,0x45,0x00,
0x00,0x00,0x00,0x0d,0x00,0x00,0x00,0x4c,0x45,0x58,0x49,0x43,0x41,0x4c,0x5f,0x53,0x43,0x4f,0x50,0x45,
0x08,0x00,0x00,0x00,0x00,0x00,0x00,0x00,0x00,0x00,0x00,0x00,0x00,0x0f,0x00,0x05,0x00,0x00,0x00,0x42,
0x4c,0x4f,0x43,0x4b,0x00,0x00,0x00,0x00,0x03,0x00,0x00,0x00,0x53,0x45,0x54,0x08,0x00,0x00,0x00,0x00,
0x00,0x00,0x00,0x00,0x00,0x00,0x00,0x00,0x01,0x00,0x02,0x00,0x00,0x00,0x00,0x0c,0x00,0x00,0x00,0x06,
0x00,0x01,0x00,0x00,0x00,0x7b,0x0f,0x00,0x01,0x00,0x00,0x00,0x5f,0x00,0x00,0x00,0x00,0x0f,0x00,0x0a,
0x00,0x00,0x00,0x45,0x58,0x50,0x52,0x45,0x53,0x53,0x49,0x4f,0x4e,0x00,0x00,0x00,0x00,0x0f,0x00,0x01,
0x00,0x00,0x00,0x5f,0x00,0x00,0x00,0x00,0x06,0x00,0x01,0x00,0x00,0x00,0x2c,0x0f,0x00,0x01,0x00,0x00,
0x00,0x5f,0x00,0x00,0x00,0x00,0x0f,0x00,0x0a,0x00,0x00,0x00,0x45,0x58,0x50,0x52,0x45,0x53,0x53,0x49,
0x4f,0x4e,0x00,0x00,0x00,0x00,0x02,0x00,0x00,0x00,0x00,0x00,0x00,0x00,0x00,0xff,0xff,0xff,0xff,0xff,
0xff,0xff,0xff,0x00,0x04,0x00,0x00,0x00,0x0f,0x00,0x01,0x00,0x00,0x00,0x5f,0x00,0x00,0x00,0x00,0x06,
0x00,0x01,0x00,0x00,0x00,0x2c,0x0f,0x00,0x01,0x00,0x00,0x00,0x5f,0x00,0x00,0x00,0x00,0x0f,0x00,0x0a,
0x00,0x00,0x00,0x45,0x58,0x50,0x52,0x45,0x53,0x53,0x49,0x4f,0x4e,0x00,0x00,0x00,0x00,0x0f,0x00,0x01,
0x00,0x00,0x00,0x5f,0x00,0x00,0x00,0x00,0x02,0x00,0x00,0x00,0x00,0x00,0x00,0x00,0x00,0x01,0x00,0x00,
0x00,0x00,0x00,0x00,0x00,0x06,0x00,0x01,0x00,0x00,0x00,0x2c,0x0f,0x00,0x01,0x00,0x00,0x00,0x5f,0x00,
0x00,0x00,0x00,0x06,0x00,0x01,0x00,0x00,0x00,0x7d,0x00,0x07,0x00,0x00,0x00,0x06,0x00,0x01,0x00,0x00,
0x00,0x7b,0x0f,0x00,0x01,0x00,0x00,0x00,0x5f,0x00,0x00,0x00,0x00,0x0f,0x00,0x0a,0x00,0x00,0x00,0x45,
0x58,0x50,0x52,0x45,0x53,0x53,0x49,0x4f,0x4e,0x00,0x00,0x00,0x00,0x0f,0x00,0x01,0x00,0x00,0x00,0x5f,
0x00,0x00,0x00,0x00,0x06,0x00,0x01,0x00,0x00,0x00,0x2c,0x0f,0x00,0x01,0x00,0x00,0x00,0x5f,0x00,0x00,
0x00,0x00,0x06,0x00,0x01,0x00,0x00,0x00,0x7d,0x13,0x00,0x00,0x00,0x55,0x4e,0x41,0x52,0x59,0x5f,0x42,
0x4e,0x4f,0x54,0x5f,0x4f,0x50,0x45,0x52,0x41,0x54,0x4f,0x52,0x08,0x00,0x00,0x00,0x00,0x00,0x00,0x00,
0x00,0x00,0x00,0x00,0x00,0x06,0x00,0x01,0x00,0x00,0x00,0x7e,0x0c,0x00,0x00,0x00,0x43,0x54,0x4f,0x52,
0x5f,0x50,0x41,0x54,0x54,0x45,0x52,0x4e,0x08,0x00,0x00,0x00,0x00,0x00,0x00,0x00,0x00,0x00,0x00,0x00,
0x00,0x00,0x07,0x00,0x00,0x00,0x0f,0x00,0x09,0x00,0x00,0x00,0x43,0x54,0x4f,0x52,0x5f,0x50,0x41,0x54,
0x48,0x00,0x00,0x00,0x00,0x0f,0x00,0x01,0x00,0x00,0x00,0x5f,0x00,0x00,0x00,0x00,0x06,0x00,0x01,0x00,
0x00,0x00,0x28,0x0f,0x00,0x01,0x00,0x00,0x00,0x5f,0x00,0x00,0x00,0x00,0x02,0x00,0x00,0x00,0x00,0x00,
0x00,0x00,0x00,0x01,0x00,0x00,0x00,0x00,0x00,0x00,0x00,0x00,0x02,0x00,0x00,0x00,0x0f,0x00,0x07,0x00,
0x00,0x00,0x50,0x41,0x54,0x54,0x45,0x52,0x4e,0x00,0x00,0x00,0x00,0x02,0x00,0x00,0x00,0x00,0x00,0x00,
0x00,0x00,0xff,0xff,0xff,0xff,0xff,0xff,0xff,0xff,0x00,0x04,0x00,0x00,0x00,0x0f,0x00,0x01,0x00,0x00,
0x00,0x5f,0x00,0x00,0x00,0x00,0x06,0x00,0x01,0x00,0x00,0x00,0x2c,0x0f,0x00,0x01,0x00,0x00,0x00,0x5f,
0x00,0x00,0x00,0x00,0x0f,0x00,0x07,0x00,0x00,0x00,0x50,0x41,0x54,0x54,0x45,0x52,0x4e,0x00,0x00,0x00,
0x00,0x0f,0x00,0x01,0x00,0x00,0x00,0x5f,0x00,0x00,0x00,0x00,0x06,0x00,0x01,0x00,0x00,0x00,0x29,0x01,
0x00,0x00,0x00,0x4b,0x0a,0x01,0x00,0x00,0x00,0x01,0x00,0x00,0x00,0x53,0x00,0x00,0x00,0x00,0x00,0x00,
0x00,0x00,0x00,0x02,0x00,0x00,0x00,0x0c,0x0f,0x00,0x01,0x00,0x00,0x00,0x53,0x00,0x00,0x00,0x00,0x04,
0x0f,0x00,0x0d,0x00,0x00,0x00,0x49,0x64,0x65,0x6e,0x74,0x49,0x6e,0x69,0x74,0x43,0x68,0x61,0x72,0x00,
0x00,0x00,0x00,0x0b,0x00,0x00,0x00,0x53,0x50,0x52,0x45,0x41,0x44,0x5f,0x45,0x4c,0x45,0x4d,0x08,0x00,
0x00,0x00,0x00,0x00,0x00,0x00,0x00,0x00,0x00,0x00,0x00,0x00,0x03,0x00,0x00,0x00,0x06,0x00,0x03,0x00,
0x00,0x00,0x2e,0x2e,0x2e,0x0f,0x00,0x01,0x00,0x00,0x00,0x5f,0x00,0x00,0x00,0x00,0x0f,0x00,0x0a,0x00,
0x00,0x00,0x45,0x58,0x50,0x52,0x45,0x53,0x53,0x49,0x4f,0x4e,0x00,0x00,0x00,0x00,0x09,0x00,0x00,0x00,
0x55,0x4e,0x41,0x52,0x59,0x5f,0x4e,0x4f,0x54,0x08,0x00,0x00,0x00,0x00,0x00,0x00,0x00,0x00,0x00,0x00,
0x00,0x00,0x00,0x02,0x00,0x00,0x00,0x02,0x00,0x00,0x00,0x00,0x00,0x00,0x00,0x00,0x01,0x00,0x00,0x00,
0x00,0x00,0x00,0x00,0x0f,0x00,0x12,0x00,0x00,0x00,0x55,0x4e,0x41,0x52,0x59,0x5f,0x4e,0x4f,0x54,0x5f,
0x4f,0x50,0x45,0x52,0x41,0x54,0x4f,0x52,0x00,0x00,0x00,0x00,0x0f,0x00,0x0a,0x00,0x00,0x00,0x55,0x4e,
0x41,0x52,0x59,0x5f,0x42,0x4e,0x4f,0x54,0x00,0x00,0x00,0x00,0x05,0x00,0x00,0x00,0x59,0x49,0x45,0x4c,
0x44,0x0c,0x00,0x00,0x00,0x00,0x00,0x00,0x00,0x00,0x00,0x00,0x00,0x00,0x00,0x04,0x00,0x00,0x00,0x0f,
0x00,0x05,0x00,0x00,0x00,0x79,0x69,0x65,0x6c,0x64,0x00,0x00,0x00,0x00,0x0f,0x00,0x04,0x00,0x00,0x00,
0x5f,0x73,0x70,0x5f,0x00,0x00,0x00,0x00,0x04,0x0f,0x00,0x04,0x00,0x00,0x00,0x5f,0x6e,0x6c,0x5f,0x00,
0x00,0x00,0x00,0x0f,0x00,0x0a,0x00,0x00,0x00,0x45,0x58,0x50,0x52,0x45,0x53,0x53,0x49,0x4f,0x4e,0x00,
0x00,0x00,0x00,0x06,0x00,0x00,0x00,0x4d,0x45,0x54,0x48,0x4f,0x44,0x08,0x00,0x00,0x00,0x00,0x00,0x00,
0x00,0x00,0x00,0x00,0x00,0x00,0x00,0x05,0x00,0x00,0x00,0x0f,0x00,0x0a,0x00,0x00,0x00,0x4d,0x45,0x4d,
0x42,0x45,0x52,0x5f,0x4d,0x4f,0x44,0x00,0x00,0x00,0x00,0x0f,0x00,0x01,0x00,0x00,0x00,0x5f,0x00,0x00,
0x00,0x00,0x0f,0x00,0x0a,0x00,0x00,0x00,0x49,0x44,0x45,0x4e,0x54,0x49,0x46,0x49,0x45,0x52,0x00,0x00,
0x00,0x00,0x0f,0x00,0x01,0x00,0x00,0x00,0x5f,0x00,0x00,0x00,0x00,0x01,0x00,0x03,0x00,0x00,0x00,0x00,
0x02,0x00,0x00,0x00,0x0f,0x00,0x0f,0x00,0x00,0x00,0x54,0x59,0x50,0x45,0x5f,0x41,0x4e,0x4e,0x4f,0x54,
0x41,0x54,0x49,0x4f,0x4e,0x00,0x00,0x00,0x00,0x02,0x00,0x00,0x00,0x00,0x00,0x00,0x00,0x00,0x01,0x00,
0x00,0x00,0x00,0x00,0x00,0x00,0x00,0x04,0x00,0x00,0x00,0x0f,0x00,0x01,0x00,0x00,0x00,0x5f,0x00,0x00,
0x00,0x00,0x06,0x00,0x01,0x00,0x00,0x00,0x3d,0x0f,0x00,0x01,0x00,0x00,0x00,0x5f,0x00,0x00,0x00,0x00,
0x0f,0x00,0x0a,0x00,0x00,0x00,0x45,0x58,0x50,0x52,0x45,0x53,0x53,0x49,0x4f,0x4e,0x00,0x00,0x00,0x00,
0x00,0x03,0x00,0x00,0x00,0x06,0x00,0x01,0x00,0x00,0x00,0x3d,0x0f,0x00,0x01,0x00,0x00,0x00,0x5f,0x00,
0x00,0x00,0x00,0x0f,0x00,0x0a,0x00,0x00,0x00,0x45,0x58,0x50,0x52,0x45,0x53,0x53,0x49,0x4f,0x4e,0x00,
0x00,0x00,0x00,0x00,0x03,0x00,0x00,0x00,0x0f,0x00,0x0a,0x00,0x00,0x00,0x50,0x41,0x52,0x41,0x4d,0x45,
0x54,0x45,0x52,0x53,0x00,0x00,0x00,0x00,0x0f,0x00,0x01,0x00,0x00,0x00,0x5f,0x00,0x00,0x00,0x00,0x0f,
0x00,0x05,0x00,0x00,0x00,0x42,0x4c,0x4f,0x43,0x4b,0x00,0x00,0x00,0x00,0x05,0x00,0x00,0x00,0x54,0x48,
0x52,0x4f,0x57,0x08,0x00,0x00,0x00,0x00,0x00,0x00,0x00,0x00,0x00,0x00,0x00,0x00,0x00,0x04,0x00,0x00,
0x00,0x0f,0x00,0x05,0x00,0x00,0x00,0x74,0x68,0x72,0x6f,0x77,0x00,0x00,0x00,0x00,0x0f,0x00,0x04,0x00,
0x00,0x00,0x5f,0x73,0x70,0x5f,0x00,0x00,0x00,0x00,0x04,0x0f,0x00,0x04,0x00,0x00,0x00,0x5f,0x6e,0x6c,
0x5f,0x00,0x00,0x00,0x00,0x0f,0x00,0x0a,0x00,0x00,0x00,0x45,0x58,0x50,0x52,0x45,0x53,0x53,0x49,0x4f,
0x4e,0x00,0x00,0x00,0x00,0x04,0x00,0x00,0x00,0x43,0x41,0x4c,0x4c,0x08,0x00,0x00,0x00,0x00,0x00,0x00,
0x00,0x00,0x00,0x00,0x00,0x00,0x00,0x02,0x00,0x00,0x00,0x0f,0x00,0x07,0x00,0x00,0x00,0x50,0x52,0x49,
0x4d,0x41,0x52,0x59,0x00,0x00,0x00,0x00,0x02,0x00,0x00,0x00,0x00,0x00,0x00,0x00,0x00,0xff,0xff,0xff,
0xff,0xff,0xff,0xff,0xff,0x01,0x00,0x05,0x00,0x00,0x00,0x00,0x02,0x00,0x00,0x00,0x0f,0x00,0x03,0x00,
0x00,0x00,0x5f,0x68,0x5f,0x00,0x00,0x00,0x00,0x01,0x00,0x02,0x00,0x00,0x00,0x0f,0x00,0x09,0x00,0x00,
0x00,0x41,0x52,0x47,0x55,0x4d,0x45,0x4e,0x54,0x53,0x00,0x00,0x00,0x00,0x0f,0x00,0x05,0x00,0x00,0x00,
0x49,0x4e,0x44,0x45,0x58,0x00,0x00,0x00,0x00,0x00,0x02,0x00,0x00,0x00,0x0f,0x00,0x01,0x00,0x00,0x00,
0x5f,0x00,0x00,0x00,0x00,0x0f,0x00,0x08,0x00,0x00,0x00,0x53,0x41,0x46,0x45,0x5f,0x44,0x4f,0x54,0x00,
0x00,0x00,0x00,0x00,0x02,0x00,0x00,0x00,0x0f,0x00,0x01,0x00,0x00,0x00,0x5f,0x00,0x00,0x00,0x00,0x0f,
0x00,0x0a,0x00,0x00,0x00,0x53,0x41,0x46,0x45,0x5f,0x49,0x4e,0x44,0x45,0x58,0x00,0x00,0x00,0x00,0x00,
0x02,0x00,0x00,0x00,0x0f,0x00,0x01,0x00,0x00,0x00,0x5f,0x00,0x00,0x00,0x00,0x0f,0x00,0x03,0x00,0x00,
0x00,0x44,0x4f,0x54,0x00,0x00,0x00,0x00,0x0f,0x00,0x07,0x00,0x00,0x00,0x4e,0x4f,0x4e,0x4e,0x55,0x4c,
0x4c,0x00,0x00,0x00,0x00,0x0b,0x00,0x00,0x00,0x49,0x4d,0x50,0x4f,0x52,0x54,0x5f,0x53,0x54,0x4d,0x54,
0x08,0x00,0x00,0x00,0x00,0x00,0x00,0x00,0x00,0x00,0x00,0x00,0x00,0x00,0x07,0x00,0x00,0x00,0x0f,0x00,
0x06,0x00,0x00,0x00,0x69,0x6d,0x70,0x6f,0x72,0x74,0x00,0x00,0x00,0x00,0x0f,0x00,0x01,0x00,0x00,0x00,
0x5f,0x00,0x00,0x00,0x00,0x0f,0x00,0x0a,0x00,0x00,0x00,0x49,0x44,0x45,0x4e,0x54,0x49,0x46,0x49,0x45,
0x52,0x00,0x00,0x00,0x00,0x0f,0x00,0x01,0x00,0x00,0x00,0x5f,0x00,0x00,0x00,0x00,0x0f,0x00,0x04,0x00,
0x00,0x00,0x66,0x72,0x6f,0x6d,0x00,0x00,0x00,0x00,0x0f,0x00,0x01,0x00,0x00,0x00,0x5f,0x00,0x00,0x00,
0x00,0x0f,0x00,0x06,0x00,0x00,0x00,0x53,0x54,0x52,0x49,0x4e,0x47,0x00,0x00,0x00,0x00,0x06,0x00,0x00,
0x00,0x52,0x45,0x54,0x55,0x52,0x4e,0x08,0x00,0x00,0x00,0x00,0x00,0x00,0x00,0x00,0x00,0x00,0x00,0x00,
0x00,0x02,0x00,0x00,0x00,0x0f,0x00,0x06,0x00,0x00,0x00,0x72,0x65,0x74,0x75,0x72,0x6e,0x00,0x00,0x00,
0x00,0x02,0x00,0x00,0x00,0x00,0x00,0x00,0x00,0x00,0x01,0x00,0x00,0x00,0x00,0x00,0x00,0x00,0x00,0x03,
0x00,0x00,0x00,0x0f,0x00,0x04,0x00,0x00,0x00,0x5f,0x73,0x70,0x5f,0x00,0x00,0x00,0x00,0x04,0x0f,0x00,
0x04,0x00,0x00,0x00,0x5f,0x6e,0x6c,0x5f,0x00,0x00,0x00,0x00,0x0f,0x00,0x0a,0x00,0x00,0x00,0x45,0x58,
0x50,0x52,0x45,0x53,0x53,0x49,0x4f,0x4e,0x00,0x00,0x00,0x00,0x08,0x00,0x00,0x00,0x44,0x45,0x42,0x55,
0x47,0x47,0x45,0x52,0x08,0x00,0x00,0x00,0x00,0x00,0x00,0x00,0x00,0x00,0x00,0x00,0x00,0x0f,0x00,0x08,
0x00,0x00,0x00,0x64,0x65,0x62,0x75,0x67,0x67,0x65,0x72,0x00,0x00,0x00,0x00,0x09,0x00,0x00,0x00,0x43,
0x4f,0x4e,0x44,0x49,0x54,0x49,0x4f,0x4e,0x08,0x00,0x00,0x00,0x00,0x00,0x00,0x00,0x00,0x00,0x00,0x00,
0x00,0x00,0x02,0x00,0x00,0x00,0x0f,0x00,0x06,0x00,0x00,0x00,0x42,0x49,0x54,0x5f,0x4f,0x52,0x00,0x00,
0x00,0x00,0x02,0x00,0x00,0x00,0x00,0x00,0x00,0x00,0x00,0xff,0xff,0xff,0xff,0xff,0xff,0xff,0xff,0x00,
0x04,0x00,0x00,0x00,0x0f,0x00,0x01,0x00,0x00,0x00,0x5f,0x00,0x00,0x00,0x00,0x0f,0x00,0x12,0x00,0x00,
0x00,0x43,0x4f,0x4e,0x44,0x49,0x54,0x49,0x4f,0x4e,0x5f,0x4f,0x50,0x45,0x52,0x41,0x54,0x4f,0x52,0x00,
0x00,0x00,0x00,0x0f,0x00,0x01,0x00,0x00,0x00,0x5f,0x00,0x00,0x00,0x00,0x0f,0x00,0x06,0x00,0x00,0x00,
0x42,0x49,0x54,0x5f,0x4f,0x52,0x00,0x00,0x00,0x00,0x08,0x00,0x00,0x00,0x43,0x4f,0x4e,0x44,0x5f,0x41,
0x52,0x4d,0x08,0x00,0x00,0x00,0x00,0x00,0x00,0x00,0x00,0x00,0x00,0x00,0x00,0x00,0x05,0x00,0x00,0x00,
0x01,0x00,0x02,0x00,0x00,0x00,0x0f,0x00,0x08,0x00,0x00,0x00,0x57,0x49,0x4c,0x44,0x43,0x41,0x52,0x44,
0x00,0x00,0x00,0x00,0x0f,0x00,0x0a,0x00,0x00,0x00,0x45,0x58,0x50,0x52,0x45,0x53,0x53,0x49,0x4f,0x4e,
0x00,0x00,0x00,0x00,0x0f,0x00,0x01,0x00,0x00,0x00,0x5f,0x00,0x00,0x00,0x00,0x06,0x00,0x02,0x00,0x00,
0x00,0x3d,0x3e,0x0f,0x00,0x01,0x00,0x00,0x00,0x5f,0x00,0x00,0x00,0x00,0x01,0x00,0x02,0x00,0x00,0x00,
0x0f,0x00,0x0a,0x00,0x00,0x00,0x45,0x58,0x50,0x52,0x45,0x53,0x53,0x49,0x4f,0x4e,0x00,0x00,0x00,0x00,
0x0f,0x00,0x05,0x00,0x00,0x00,0x42,0x4c,0x4f,0x43,0x4b,0x00,0x00,0x00,0x00,0x07,0x00,0x00,0x00,0x4e,
0x4f,0x4e,0x4e,0x55,0x4c,0x4c,0x08,0x00,0x00,0x00,0x00,0x00,0x00,0x00,0x00,0x00,0x00,0x00,0x00,0x06,
0x00,0x02,0x00,0x00,0x00,0x21,0x21,0x06,0x00,0x00,0x00,0x4f,0x42,0x4a,0x45,0x43,0x54,0x08,0x00,0x00,
0x00,0x00,0x00,0x00,0x00,0x00,0x00,0x00,0x00,0x00,0x00,0x05,0x00,0x00,0x00,0x06,0x00,0x01,0x00,0x00,
0x00,0x7b,0x0f,0x00,0x01,0x00,0x00,0x00,0x5f,0x00,0x00,0x00,0x00,0x02,0x00,0x00,0x00,0x00,0x00,0x00,
0x00,0x00,0x01,0x00,0x00,0x00,0x00,0x00,0x00,0x00,0x00,0x04,0x00,0x00,0x00,0x01,0x00,0x02,0x00,0x00,
0x00,0x0f,0x00,0x0b,0x00,0x00,0x00,0x53,0x50,0x52,0x45,0x41,0x44,0x5f,0x45,0x4c,0x45,0x4d,0x00,0x00,
0x00,0x00,0x0f,0x00,0x0f,0x00,0x00,0x00,0x4f,0x42,0x4a,0x45,0x43,0x54,0x5f,0x50,0x52,0x4f,0x50,0x45,
0x52,0x54,0x59,0x00,0x00,0x00,0x00,0x02,0x00,0x00,0x00,0x00,0x00,0x00,0x00,0x00,0xff,0xff,0xff,0xff,
0xff,0xff,0xff,0xff,0x00,0x04,0x00,0x00,0x00,0x0f,0x00,0x01,0x00,0x00,0x00,0x5f,0x00,0x00,0x00,0x00,
0x06,0x00,0x01,0x00,0x00,0x00,0x2c,0x0f,0x00,0x01,0x00,0x00,0x00,0x5f,0x00,0x00,0x00,0x00,0x01,0x00,
0x02,0x00,0x00,0x00,0x0f,0x00,0x0b,0x00,0x00,0x00,0x53,0x50,0x52,0x45,0x41,0x44,0x5f,0x45,0x4c,0x45,
0x4d,0x00,0x00,0x00,0x00,0x0f,0x00,0x0f,0x00,0x00,0x00,0x4f,0x42,0x4a,0x45,0x43,0x54,0x5f,0x50,0x52,
0x4f,0x50,0x45,0x52,0x54,0x59,0x00,0x00,0x00,0x00,0x0f,0x00,0x01,0x00,0x00,0x00,0x5f,0x00,0x00,0x00,
0x00,0x02,0x00,0x00,0x00,0x00,0x00,0x00,0x00,0x00,0x01,0x00,0x00,0x00,0x00,0x00,0x00,0x00,0x06,0x00,
0x01,0x00,0x00,0x00,0x2c,0x0f,0x00,0x01,0x00,0x00,0x00,0x5f,0x00,0x00,0x00,0x00,0x06,0x00,0x01,0x00,
0x00,0x00,0x7d,0x0a,0x00,0x00,0x00,0x4d,0x45,0x4d,0x42,0x45,0x52,0x5f,0x4d,0x4f,0x44,0x48,0x00,0x00,
0x00,0x00,0x00,0x00,0x00,0x00,0x00,0x00,0x00,0x00,0x02,0x00,0x00,0x00,0x00,0x00,0x00,0x00,0x00,0x01,
0x00,0x00,0x00,0x00,0x00,0x00,0x00,0x01,0x00,0x02,0x00,0x00,0x00,0x0c,0x00,0x02,0x00,0x00,0x00,0x06,
0x00,0x06,0x00,0x00,0x00,0x73,0x74,0x61,0x74,0x69,0x63,0x04,0x0f,0x00,0x0d,0x00,0x00,0x00,0x49,0x64,
0x65,0x6e,0x74,0x49,0x6e,0x69,0x74,0x43,0x68,0x61,0x72,0x00,0x00,0x00,0x00,0x00,0x02,0x00,0x00,0x00,
0x0c,0x00,0x02,0x00,0x00,0x00,0x06,0x00,0x03,0x00,0x00,0x00,0x67,0x65,0x74,0x04,0x0f,0x00,0x0d,0x00,
0x00,0x00,0x49,0x64,0x65,0x6e,0x74,0x49,0x6e,0x69,0x74,0x43,0x68,0x61,0x72,0x00,0x00,0x00,0x00,0x03,
0x00,0x02,0x00,0x00,0x00,0x0f,0x00,0x01,0x00,0x00,0x00,0x5f,0x00,0x00,0x00,0x00,0x0f,0x00,0x0d,0x00,
0x00,0x00,0x49,0x64,0x65,0x6e,0x74,0x49,0x6e,0x69,0x74,0x43,0x68,0x61,0x72,0x00,0x00,0x00,0x00,0x0a,
0x00,0x00,0x00,0x52,0x41,0x57,0x5f,0x53,0x54,0x52,0x49,0x4e,0x47,0x08,0x00,0x00,0x00,0x00,0x06,0x00,
0x00,0x00,0x53,0x54,0x52,0x49,0x4e,0x47,0x00,0x00,0x00,0x00,0x00,0x03,0x00,0x00,0x00,0x06,0x00,0x01,
0x00,0x00,0x00,0x60,0x0c,0x02,0x00,0x00,0x00,0x00,0x00,0x00,0x00,0x00,0xff,0xff,0xff,0xff,0xff,0xff,
0xff,0xff,0x00,0x02,0x00,0x00,0x00,0x04,0x06,0x00,0x01,0x00,0x00,0x00,0x60,0x09,0x06,0x00,0x01,0x00,
0x00,0x00,0x60,0x08,0x00,0x00,0x00,0x41,0x52,0x47,0x5f,0x4c,0x49,0x53,0x54,0x48,0x00,0x00,0x00,0x00,
0x00,0x00,0x00,0x00,0x00,0x00,0x00,0x00,0x02,0x00,0x00,0x00,0x00,0x00,0x00,0x00,0x00,0x01,0x00,0x00,
0x00,0x00,0x00,0x00,0x00,0x00,0x04,0x00,0x00,0x00,0x0f,0x00,0x08,0x00,0x00,0x00,0x41,0x52,0x47,0x5f,
0x49,0x54,0x45,0x4d,0x00,0x00,0x00,0x00,0x02,0x00,0x00,0x00,0x00,0x00,0x00,0x00,0x00,0xff,0xff,0xff,
0xff,0xff,0xff,0xff,0xff,0x00,0x04,0x00,0x00,0x00,0x0f,0x00,0x01,0x00,0x00,0x00,0x5f,0x00,0x00,0x00,
0x00,0x06,0x00,0x01,0x00,0x00,0x00,0x2c,0x0f,0x00,0x01,0x00,0x00,0x00,0x5f,0x00,0x00,0x00,0x00,0x0f,
0x00,0x08,0x00,0x00,0x00,0x41,0x52,0x47,0x5f,0x49,0x54,0x45,0x4d,0x00,0x00,0x00,0x00,0x0f,0x00,0x01,
0x00,0x00,0x00,0x5f,0x00,0x00,0x00,0x00,0x02,0x00,0x00,0x00,0x00,0x00,0x00,0x00,0x00,0x01,0x00,0x00,
0x00,0x00,0x00,0x00,0x00,0x06,0x00,0x01,0x00,0x00,0x00,0x2c,0x17,0x00,0x00,0x00,0x4d,0x55,0x4c,0x54,
0x49,0x50,0x4c,0x49,0x43,0x41,0x54,0x49,0x56,0x45,0x5f,0x4f,0x50,0x45,0x52,0x41,0x54,0x4f,0x52,0x08,
0x00,0x00,0x00,0x00,0x00,0x00,0x00,0x00,0x00,0x00,0x00,0x00,0x01,0x00,0x02,0x00,0x00,0x00,0x00,0x02,
0x00,0x00,0x00,0x06,0x00,0x01,0x00,0x00,0x00,0x2a,0x04,0x06,0x00,0x01,0x00,0x00,0x00,0x2a,0x07,0x00,
0x00,0x03,0x00,0x00,0x00,0x2f,0x00,0x00,0x00,0x2f,0x00,0x00,0x00,0x25,0x00,0x00,0x00,0x25,0x00,0x00,
0x00,0x40,0x00,0x00,0x00,0x40,0x00,0x00,0x00,0x09,0x00,0x00,0x00,0x44,0x45,0x43,0x4f,0x52,0x41,0x54,
0x4f,0x52,0x08,0x00,0x00,0x00,0x00,0x00,0x00,0x00,0x00,0x00,0x00,0x00,0x00,0x00,0x03,0x00,0x00,0x00,
0x06,0x00,0x01,0x00,0x00,0x00,0x40,0x0f,0x00,0x01,0x00,0x00,0x00,0x5f,0x00,0x00,0x00,0x00,0x0f,0x00,
0x04,0x00,0x00,0x00,0x43,0x41,0x4c,0x4c,0x00,0x00,0x00,0x00,0x0a,0x00,0x00,0x00,0x54,0x52,0x41,0x49,
0x54,0x5f,0x48,0x45,0x41,0x44,0x08,0x00,0x00,0x00,0x00,0x00,0x00,0x00,0x00,0x00,0x00,0x00,0x00,0x0c,
0x00,0x04,0x00,0x00,0x00,0x0f,0x00,0x0d,0x00,0x00,0x00,0x49,0x64,0x65,0x6e,0x74,0x49,0x6e,0x69,0x74,
0x43,0x68,0x61,0x72,0x00,0x00,0x00,0x00,0x02,0x00,0x00,0x00,0x00,0x00,0x00,0x00,0x00,0xff,0xff,0xff,
0xff,0xff,0xff,0xff,0xff,0x0f,0x00,0x09,0x00,0x00,0x00,0x49,0x64,0x65,0x6e,0x74,0x43,0x68,0x61,0x72,
0x00,0x00,0x00,0x00,0x02,0x00,0x00,0x00,0x00,0x00,0x00,0x00,0x00,0x01,0x00,0x00,0x00,0x00,0x00,0x00,
0x00,0x00,0x09,0x00,0x00,0x00,0x0f,0x00,0x04,0x00,0x00,0x00,0x5f,0x73,0x70,0x5f,0x00,0x00,0x00,0x00,
0x06,0x00,0x01,0x00,0x00,0x00,0x3c,0x0f,0x00,0x04,0x00,0x00,0x00,0x5f,0x73,0x70,0x5f,0x00,0x00,0x00,
0x00,0x07,0x00,0x00,0x01,0x00,0x00,0x00,0x41,0x00,0x00,0x00,0x5a,0x00,0x00,0x00,0x02,0x00,0x00,0x00,
0x00,0x00,0x00,0x00,0x00,0xff,0xff,0xff,0xff,0xff,0xff,0xff,0xff,0x07,0x00,0x00,0x04,0x00,0x00,0x00,
0x61,0x00,0x00,0x00,0x7a,0x00,0x00,0x00,0x41,0x00,0x00,0x00,0x5a,0x00,0x00,0x00,0x5f,0x00,0x00,0x00,
0x5f,0x00,0x00,0x00,0x30,0x00,0x00,0x00,0x39,0x00,0x00,0x00,0x02,0x00,0x00,0x00,0x00,0x00,0x00,0x00,
0x00,0x01,0x00,0x00,0x00,0x00,0x00,0x00,0x00,0x00,0x06,0x00,0x00,0x00,0x0f,0x00,0x04,0x00,0x00,0x00,
0x5f,0x73,0x70,0x5f,0x00,0x00,0x00,0x00,0x06,0x00,0x01,0x00,0x00,0x00,0x3a,0x0f,0x00,0x04,0x00,0x00,
0x00,0x5f,0x73,0x70,0x5f,0x00,0x00,0x00,0x00,0x07,0x00,0x00,0x01,0x00,0x00,0x00,0x41,0x00,0x00,0x00,
0x5a,0x00,0x00,0x00,0x02,0x00,0x00,0x00,0x00,0x00,0x00,0x00,0x00,0xff,0xff,0xff,0xff,0xff,0xff,0xff,
0xff,0x07,0x00,0x00,0x04,0x00,0x00,0x00,0x61,0x00,0x00,0x00,0x7a,0x00,0x00,0x00,0x41,0x00,0x00,0x00,
0x5a,0x00,0x00,0x00,0x5f,0x00,0x00,0x00,0x5f,0x00,0x00,0x00,0x30,0x00,0x00,0x00,0x39,0x00,0x00,0x00,
0x02,0x00,0x00,0x00,0x00,0x00,0x00,0x00,0x00,0xff,0xff,0xff,0xff,0xff,0xff,0xff,0xff,0x00,0x05,0x00,
0x00,0x00,0x0f,0x00,0x04,0x00,0x00,0x00,0x5f,0x73,0x70,0x5f,0x00,0x00,0x00,0x00,0x06,0x00,0x01,0x00,
0x00,0x00,0x2b,0x0f,0x00,0x04,0x00,0x00,0x00,0x5f,0x73,0x70,0x5f,0x00,0x00,0x00,0x00,0x07,0x00,0x00,
0x01,0x00,0x00,0x00,0x41,0x00,0x00,0x00,0x5a,0x00,0x00,0x00,0x02,0x00,0x00,0x00,0x00,0x00,0x00,0x00,
0x00,0xff,0xff,0xff,0xff,0xff,0xff,0xff,0xff,0x07,0x00,0x00,0x04,0x00,0x00,0x00,0x61,0x00,0x00,0x00,
0x7a,0x00,0x00,0x00,0x41,0x00,0x00,0x00,0x5a,0x00,0x00,0x00,0x5f,0x00,0x00,0x00,0x5f,0x00,0x00,0x00,
0x30,0x00,0x00,0x00,0x39,0x00,0x00,0x00,0x02,0x00,0x00,0x00,0x00,0x00,0x00,0x00,0x00,0xff,0xff,0xff,
0xff,0xff,0xff,0xff,0xff,0x00,0x06,0x00,0x00,0x00,0x0f,0x00,0x04,0x00,0x00,0x00,0x5f,0x73,0x70,0x5f,
0x00,0x00,0x00,0x00,0x06,0x00,0x01,0x00,0x00,0x00,0x2c,0x0f,0x00,0x04,0x00,0x00,0x00,0x5f,0x73,0x70,
0x5f,0x00,0x00,0x00,0x00,0x07,0x00,0x00,0x01,0x00,0x00,0x00,0x41,0x00,0x00,0x00,0x5a,0x00,0x00,0x00,
0x02,0x00,0x00,0x00,0x00,0x00,0x00,0x00,0x00,0xff,0xff,0xff,0xff,0xff,0xff,0xff,0xff,0x07,0x00,0x00,
0x04,0x00,0x00,0x00,0x61,0x00,0x00,0x00,0x7a,0x00,0x00,0x00,0x41,0x00,0x00,0x00,0x5a,0x00,0x00,0x00,
0x5f,0x00,0x00,0x00,0x5f,0x00,0x00,0x00,0x30,0x00,0x00,0x00,0x39,0x00,0x00,0x00,0x02,0x00,0x00,0x00,
0x00,0x00,0x00,0x00,0x00,0x01,0x00,0x00,0x00,0x00,0x00,0x00,0x00,0x00,0x06,0x00,0x00,0x00,0x0f,0x00,
0x04,0x00,0x00,0x00,0x5f,0x73,0x70,0x5f,0x00,0x00,0x00,0x00,0x06,0x00,0x01,0x00,0x00,0x00,0x3a,0x0f,
0x00,0x04,0x00,0x00,0x00,0x5f,0x73,0x70,0x5f,0x00,0x00,0x00,0x00,0x07,0x00,0x00,0x01,0x00,0x00,0x00,
0x41,0x00,0x00,0x00,0x5a,0x00,0x00,0x00,0x02,0x00,0x00,0x00,0x00,0x00,0x00,0x00,0x00,0xff,0xff,0xff,
0xff,0xff,0xff,0xff,0xff,0x07,0x00,0x00,0x04,0x00,0x00,0x00,0x61,0x00,0x00,0x00,0x7a,0x00,0x00,0x00,
0x41,0x00,0x00,0x00,0x5a,0x00,0x00,0x00,0x5f,0x00,0x00,0x00,0x5f,0x00,0x00,0x00,0x30,0x00,0x00,0x00,
0x39,0x00,0x00,0x00,0x02,0x00,0x00,0x00,0x00,0x00,0x00,0x00,0x00,0xff,0xff,0xff,0xff,0xff,0xff,0xff,
0xff,0x00,0x05,0x00,0x00,0x00,0x0f,0x00,0x04,0x00,0x00,0x00,0x5f,0x73,0x70,0x5f,0x00,0x00,0x00,0x00,
0x06,0x00,0x01,0x00,0x00,0x00,0x2b,0x0f,0x00,0x04,0x00,0x00,0x00,0x5f,0x73,0x70,0x5f,0x00,0x00,0x00,
0x00,0x07,0x00,0x00,0x01,0x00,0x00,0x00,0x41,0x00,0x00,0x00,0x5a,0x00,0x00,0x00,0x02,0x00,0x00,0x00,
0x00,0x00,0x00,0x00,0x00,0xff,0xff,0xff,0xff,0xff,0xff,0xff,0xff,0x07,0x00,0x00,0x04,0x00,0x00,0x00,
0x61,0x00,0x00,0x00,0x7a,0x00,0x00,0x00,0x41,0x00,0x00,0x00,0x5a,0x00,0x00,0x00,0x5f,0x00,0x00,0x00,
0x5f,0x00,0x00,0x00,0x30,0x00,0x00,0x00,0x39,0x00,0x00,0x00,0x0f,0x00,0x04,0x00,0x00,0x00,0x5f,0x73,
0x70,0x5f,0x00,0x00,0x00,0x00,0x06,0x00,0x01,0x00,0x00,0x00,0x3e,0x02,0x00,0x00,0x00,0x00,0x00,0x00,
0x00,0x00,0x01,0x00,0x00,0x00,0x00,0x00,0x00,0x00,0x00,0x06,0x00,0x00,0x00,0x0f,0x00,0x04,0x00,0x00,
0x00,0x5f,0x73,0x70,0x5f,0x00,0x00,0x00,0x00,0x06,0x00,0x01,0x00,0x00,0x00,0x3a,0x0f,0x00,0x04,0x00,
0x00,0x00,0x5f,0x73,0x70,0x5f,0x00,0x00,0x00,0x00,0x07,0x00,0x00,0x01,0x00,0x00,0x00,0x41,0x00,0x00,
0x00,0x5a,0x00,0x00,0x00,0x02,0x00,0x00,0x00,0x00,0x00,0x00,0x00,0x00,0xff,0xff,0xff,0xff,0xff,0xff,
0xff,0xff,0x07,0x00,0x00,0x04,0x00,0x00,0x00,0x61,0x00,0x00,0x00,0x7a,0x00,0x00,0x00,0x41,0x00,0x00,
0x00,0x5a,0x00,0x00,0x00,0x5f,0x00,0x00,0x00,0x5f,0x00,0x00,0x00,0x30,0x00,0x00,0x00,0x39,0x00,0x00,
0x00,0x02,0x00,0x00,0x00,0x00,0x00,0x00,0x00,0x00,0xff,0xff,0xff,0xff,0xff,0xff,0xff,0xff,0x00,0x05,
0x00,0x00,0x00,0x0f,0x00,0x04,0x00,0x00,0x00,0x5f,0x73,0x70,0x5f,0x00,0x00,0x00,0x00,0x06,0x00,0x01,
0x00,0x00,0x00,0x2c,0x0f,0x00,0x04,0x00,0x00,0x00,0x5f,0x73,0x70,0x5f,0x00,0x00,0x00,0x00,0x07,0x00,
0x00,0x01,0x00,0x00,0x00,0x41,0x00,0x00,0x00,0x5a,0x00,0x00,0x00,0x02,0x00,0x00,0x00,0x00,0x00,0x00,
0x00,0x00,0xff,0xff,0xff,0xff,0xff,0xff,0xff,0xff,0x07,0x00,0x00,0x04,0x00,0x00,0x00,0x61,0x00,0x00,
0x00,0x7a,0x00,0x00,0x00,0x41,0x00,0x00,0x00,0x5a,0x00,0x00,0x00,0x5f,0x00,0x00,0x00,0x5f,0x00,0x00,
0x00,0x30,0x00,0x00,0x00,0x39,0x00,0x00,0x00,0x09,0x00,0x00,0x00,0x45,0x4e,0x55,0x4d,0x5f,0x44,0x45,
0x43,0x4c,0x08,0x00,0x00,0x00,0x00,0x00,0x00,0x00,0x00,0x00,0x00,0x00,0x00,0x00,0x0a,0x00,0x00,0x00,
0x02,0x00,0x00,0x00,0x00,0x00,0x00,0x00,0x00,0x01,0x00,0x00,0x00,0x00,0x00,0x00,0x00,0x00,0x03,0x00,
0x00,0x00,0x0f,0x00,0x09,0x00,0x00,0x00,0x44,0x45,0x43,0x4f,0x52,0x41,0x54,0x4f,0x52,0x00,0x00,0x00,
0x00,0x02,0x00,0x00,0x00,0x00,0x00,0x00,0x00,0x00,0xff,0xff,0xff,0xff,0xff,0xff,0xff,0xff,0x00,0x02,
0x00,0x00,0x00,0x0f,0x00,0x01,0x00,0x00,0x00,0x5f,0x00,0x00,0x00,0x00,0x0f,0x00,0x09,0x00,0x00,0x00,
0x44,0x45,0x43,0x4f,0x52,0x41,0x54,0x4f,0x52,0x00,0x00,0x00,0x00,0x0f,0x00,0x01,0x00,0x00,0x00,0x5f,
0x00,0x00,0x00,0x00,0x0f,0x00,0x04,0x00,0x00,0x00,0x65,0x6e,0x75,0x6d,0x00,0x00,0x00,0x00,0x0f,0x00,
0x01,0x00,0x00,0x00,0x5f,0x00,0x00,0x00,0x00,0x0f,0x00,0x0a,0x00,0x00,0x00,0x43,0x4c,0x41,0x53,0x53,
0x5f,0x48,0x45,0x41,0x44,0x00,0x00,0x00,0x00,0x0f,0x00,0x01,0x00,0x00,0x00,0x5f,0x00,0x00,0x00,0x00,
0x06,0x00,0x01,0x00,0x00,0x00,0x7b,0x0f,0x00,0x01,0x00,0x00,0x00,0x5f,0x00,0x00,0x00,0x00,0x02,0x00,
0x00,0x00,0x00,0x00,0x00,0x00,0x00,0x01,0x00,0x00,0x00,0x00,0x00,0x00,0x00,0x00,0x04,0x00,0x00,0x00,
0x0f,0x00,0x07,0x00,0x00,0x00,0x56,0x41,0x52,0x49,0x41,0x4e,0x54,0x00,0x00,0x00,0x00,0x02,0x00,0x00,
0x00,0x00,0x00,0x00,0x00,0x00,0xff,0xff,0xff,0xff,0xff,0xff,0xff,0xff,0x00,0x04,0x00,0x00,0x00,0x0f,
0x00,0x01,0x00,0x00,0x00,0x5f,0x00,0x00,0x00,0x00,0x06,0x00,0x01,0x00,0x00,0x00,0x2c,0x0f,0x00,0x01,
0x00,0x00,0x00,0x5f,0x00,0x00,0x00,0x00,0x0f,0x00,0x07,0x00,0x00,0x00,0x56,0x41,0x52,0x49,0x41,0x4e,
0x54,0x00,0x00,0x00,0x00,0x0f,0x00,0x01,0x00,0x00,0x00,0x5f,0x00,0x00,0x00,0x00,0x02,0x00,0x00,0x00,
0x00,0x00,0x00,0x00,0x00,0x01,0x00,0x00,0x00,0x00,0x00,0x00,0x00,0x06,0x00,0x01,0x00,0x00,0x00,0x2c,
0x0f,0x00,0x01,0x00,0x00,0x00,0x5f,0x00,0x00,0x00,0x00,0x06,0x00,0x01,0x00,0x00,0x00,0x7d,0x0d,0x00,
0x00,0x00,0x49,0x64,0x65,0x6e,0x74,0x49,0x6e,0x69,0x74,0x43,0x68,0x61,0x72,0x08,0x00,0x00,0x00,0x00,
0x00,0x00,0x00,0x00,0x00,0x00,0x00,0x00,0x07,0x00,0x00,0x03,0x00,0x00,0x00,0x61,0x00,0x00,0x00,0x7a,
0x00,0x00,0x00,0x41,0x00,0x00,0x00,0x5a,0x00,0x00,0x00,0x5f,0x00,0x00,0x00,0x5f,0x00,0x00,0x00,0x0d,
0x00,0x00,0x00,0x54,0x52,0x49,0x50,0x4c,0x45,0x5f,0x53,0x54,0x52,0x49,0x4e,0x47,0x08,0x00,0x00,0x00,
0x00,0x00,0x00,0x00,0x00,0x00,0x00,0x00,0x00,0x00,0x03,0x00,0x00,0x00,0x06,0x00,0x03,0x00,0x00,0x00,
0x22,0x22,0x22,0x02,0x00,0x00,0x00,0x00,0x00,0x00,0x00,0x00,0xff,0xff,0xff,0xff,0xff,0xff,0xff,0xff,
0x01,0x00,0x02,0x00,0x00,0x00,0x0f,0x00,0x0b,0x00,0x00,0x00,0x49,0x4e,0x54,0x45,0x52,0x50,0x5f,0x45,
0x58,0x50,0x52,0x00,0x00,0x00,0x00,0x0f,0x00,0x0e,0x00,0x00,0x00,0x54,0x52,0x49,0x50,0x4c,0x45,0x5f,
0x43,0x4f,0x4e,0x54,0x45,0x4e,0x54,0x00,0x00,0x00,0x00,0x06,0x00,0x03,0x00,0x00,0x00,0x22,0x22,0x22,
0x0b,0x00,0x00,0x00,0x4b,0x57,0x41,0x52,0x47,0x53,0x5f,0x52,0x45,0x53,0x54,0x08,0x00,0x00,0x00,0x00,
0x00,0x00,0x00,0x00,0x00,0x00,0x00,0x00,0x00,0x03,0x00,0x00,0x00,0x06,0x00,0x02,0x00,0x00,0x00,0x2a,
0x2a,0x0f,0x00,0x01,0x00,0x00,0x00,0x5f,0x00,0x00,0x00,0x00,0x0c,0x00,0x02,0x00,0x00,0x00,0x0f,0x00,
0x0d,0x00,0x00,0x00,0x49,0x64,0x65,0x6e,0x74,0x49,0x6e,0x69,0x74,0x43,0x68,0x61,0x72,0x00,0x00,0x00,
0x00,0x02,0x00,0x00,0x00,0x00,0x00,0x00,0x00,0x00,0xff,0xff,0xff,0xff,0xff,0xff,0xff,0xff,0x0f,0x00,
0x09,0x00,0x00,0x00,0x49,0x64,0x65,0x6e,0x74,0x43,0x68,0x61,0x72,0x00,0x00,0x00,0x00,0x07,0x00,0x00,
0x00,0x42,0x49,0x54,0x5f,0x58,0x4f,0x52,0x08,0x00,0x00,0x00,0x00,0x00,0x00,0x00,0x00,0x00,0x00,0x00,
0x00,0x00,0x02,0x00,0x00,0x00,0x0f,0x00,0x07,0x00,0x00,0x00,0x42,0x49,0x54,0x5f,0x41,0x4e,0x44,0x00,
0x00,0x00,0x00,0x02,0x00,0x00,0x00,0x00,0x00,0x00,0x00,0x00,0xff,0xff,0xff,0xff,0xff,0xff,0xff,0xff,
0x00,0x04,0x00,0x00,0x00,0x0f,0x00,0x03,0x00,0x00,0x00,0x5f,0x68,0x5f,0x00,0x00,0x00,0x00,0x0f,0x00,
0x10,0x00,0x00,0x00,0x42,0x49,0x54,0x5f,0x58,0x4f,0x52,0x5f,0x4f,0x50,0x45,0x52,0x41,0x54,0x4f,0x52,
0x00,0x00,0x00,0x00,0x0f,0x00,0x01,0x00,0x00,0x00,0x5f,0x00,0x00,0x00,0x00,0x0f,0x00,0x07,0x00,0x00,
0x00,0x42,0x49,0x54,0x5f,0x41,0x4e,0x44,0x00,0x00,0x00,0x00,0x08,0x00,0x00,0x00,0x43,0x4f,0x4e,0x54,
0x49,0x4e,0x55,0x45,0x08,0x00,0x00,0x00,0x00,0x00,0x00,0x00,0x00,0x00,0x00,0x00,0x00,0x0f,0x00,0x08,
0x00,0x00,0x00,0x63,0x6f,0x6e,0x74,0x69,0x6e,0x75,0x65,0x00,0x00,0x00,0x00,0x05,0x00,0x00,0x00,0x42,
0x52,0x45,0x41,0x4b,0x08,0x00,0x00,0x00,0x00,0x00,0x00,0x00,0x00,0x00,0x00,0x00,0x00,0x0f,0x00,0x05,
0x00,0x00,0x00,0x62,0x72,0x65,0x61,0x6b,0x00,0x00,0x00,0x00,0x08,0x00,0x00,0x00,0x25,0x72,0x65,0x63,
0x6f,0x76,0x65,0x72,0x0b,0x01,0x00,0x00,0x00,0x01,0x00,0x00,0x00,0x78,0x00,0x00,0x00,0x00,0x00,0x00,
0x00,0x00,0x0f,0x00,0x01,0x00,0x00,0x00,0x78,0x00,0x00,0x00,0x00,0x11,0x00,0x00,0x00,0x41,0x44,0x44,
0x49,0x54,0x49,0x56,0x45,0x5f,0x4f,0x50,0x45,0x52,0x41,0x54,0x4f,0x52,0x08,0x00,0x00,0x00,0x00,0x00,
0x00,0x00,0x00,0x00,0x00,0x00,0x00,0x07,0x00,0x00,0x02,0x00,0x00,0x00,0x2d,0x00,0x00,0x00,0x2d,0x00,
0x00,0x00,0x2b,0x00,0x00,0x00,0x2b,0x00,0x00,0x00,0x07,0x00,0x00,0x00,0x50,0x52,0x4f,0x47,0x52,0x41,
0x4d,0x58,0x00,0x00,0x00,0x00,0x00,0x00,0x00,0x00,0x00,0x00,0x00,0x00,0x00,0x03,0x00,0x00,0x00,0x0f,
0x00,0x01,0x00,0x00,0x00,0x5f,0x00,0x00,0x00,0x00,0x0f,0x00,0x0a,0x00,0x00,0x00,0x53,0x54,0x41,0x54,
0x45,0x4d,0x45,0x4e,0x54,0x53,0x00,0x00,0x00,0x00,0x0f,0x00,0x01,0x00,0x00,0x00,0x5f,0x00,0x00,0x00,
0x00,0x0d,0x00,0x00,0x00,0x56,0x41,0x52,0x49,0x41,0x4e,0x54,0x5f,0x46,0x49,0x45,0x4c,0x44,0x08,0x00,
0x00,0x00,0x00,0x00,0x00,0x00,0x00,0x00,0x00,0x00,0x00,0x0c,0x0f,0x00,0x08,0x00,0x00,0x00,0x54,0x59,
0x50,0x45,0x5f,0x52,0x45,0x46,0x00,0x00,0x00,0x00,0x0c,0x00,0x00,0x00,0x42,0x6c,0x6f,0x63,0x6b,0x43,
0x6f,0x6d,0x6d,0x65,0x6e,0x74,0x08,0x00,0x00,0x00,0x00,0x00,0x00,0x00,0x00,0x00,0x00,0x00,0x00,0x00,
0x03,0x00,0x00,0x00,0x06,0x00,0x02,0x00,0x00,0x00,0x2f,0x2a,0x02,0x00,0x00,0x00,0x00,0x00,0x00,0x00,
0x00,0xff,0xff,0xff,0xff,0xff,0xff,0xff,0xff,0x00,0x02,0x00,0x00,0x00,0x04,0x06,0x00,0x02,0x00,0x00,
0x00,0x2a,0x2f,0x09,0x06,0x00,0x02,0x00,0x00,0x00,0x2a,0x2f,0x08,0x00,0x00,0x00,0x41,0x52,0x47,0x5f,
0x49,0x54,0x45,0x4d,0x08,0x00,0x00,0x00,0x00,0x00,0x00,0x00,0x00,0x00,0x00,0x00,0x00,0x01,0x00,0x03,
0x00,0x00,0x00,0x0f,0x00,0x0b,0x00,0x00,0x00,0x4b,0x57,0x41,0x52,0x47,0x5f,0x53,0x50,0x4c,0x41,0x54,
0x00,0x00,0x00,0x00,0x0f,0x00,0x05,0x00,0x00,0x00,0x4b,0x57,0x41,0x52,0x47,0x00,0x00,0x00,0x00,0x0f,
0x00,0x0a,0x00,0x00,0x00,0x45,0x58,0x50,0x52,0x45,0x53,0x53,0x49,0x4f,0x4e,0x00,0x00,0x00,0x00,0x0a,
0x00,0x00,0x00,0x53,0x54,0x41,0x54,0x45,0x4d,0x45,0x4e,0x54,0x53,0x48,0x00,0x00,0x00,0x00,0x00,0x00,
0x00,0x00,0x00,0x00,0x00,0x00,0x02,0x00,0x00,0x00,0x00,0x00,0x00,0x00,0x00,0x01,0x00,0x00,0x00,0x00,
0x00,0x00,0x00,0x00,0x02,0x00,0x00,0x00,0x0f,0x00,0x09,0x00,0x00,0x00,0x53,0x54,0x41,0x54,0x45,0x4d,
0x45,0x4e,0x54,0x00,0x00,0x00,0x00,0x02,0x00,0x00,0x00,0x00,0x00,0x00,0x00,0x00,0xff,0xff,0xff,0xff,
0xff,0xff,0xff,0xff,0x00,0x03,0x00,0x00,0x00,0x0f,0x00,0x04,0x00,0x00,0x00,0x5f,0x73,0x70,0x5f,0x00,
0x00,0x00,0x00,0x01,0x00,0x02,0x00,0x00,0x00,0x06,0x00,0x01,0x00,0x00,0x00,0x3b,0x0f,0x00,0x04,0x00,
0x00,0x00,0x5f,0x6e,0x6c,0x5f,0x00,0x00,0x00,0x00,0x02,0x00,0x00,0x00,0x00,0x00,0x00,0x00,0x00,0x01,
0x00,0x00,0x00,0x00,0x00,0x00,0x00,0x00,0x02,0x00,0x00,0x00,0x0f,0x00,0x01,0x00,0x00,0x00,0x5f,0x00,
0x00,0x00,0x00,0x0f,0x00,0x09,0x00,0x00,0x00,0x53,0x54,0x41,0x54,0x45,0x4d,0x45,0x4e,0x54,0x00,0x00,
0x00,0x00,0x03,0x00,0x00,0x00,0x4c,0x45,0x54,0x48,0x00,0x00,0x00,0x00,0x00,0x00,0x00,0x00,0x00,0x00,
0x00,0x00,0x02,0x00,0x00,0x00,0x00,0x00,0x00,0x00,0x00,0x01,0x00,0x00,0x00,0x00,0x00,0x00,0x00,0x0f,
0x01,0x01,0x00,0x00,0x00,0x4b,0x01,0x00,0x00,0x00,0x06,0x00,0x03,0x00,0x00,0x00,0x6c,0x65,0x74,0x0b,
0x00,0x00,0x00,0x45,0x58,0x50,0x4f,0x52,0x54,0x5f,0x53,0x54,0x4d,0x54,0x08,0x00,0x00,0x00,0x00,0x00,
0x00,0x00,0x00,0x00,0x00,0x00,0x00,0x00,0x07,0x00,0x00,0x00,0x0f,0x00,0x06,0x00,0x00,0x00,0x65,0x78,
0x70,0x6f,0x72,0x74,0x00,0x00,0x00,0x00,0x0f,0x00,0x01,0x00,0x00,0x00,0x5f,0x00,0x00,0x00,0x00,0x06,
0x00,0x01,0x00,0x00,0x00,0x7b,0x0f,0x00,0x01,0x00,0x00,0x00,0x5f,0x00,0x00,0x00,0x00,0x02,0x00,0x00,
0x00,0x00,0x00,0x00,0x00,0x00,0x01,0x00,0x00,0x00,0x00,0x00,0x00,0x00,0x00,0x02,0x00,0x00,0x00,0x0f,
0x00,0x0a,0x00,0x00,0x00,0x49,0x44,0x45,0x4e,0x54,0x49,0x46,0x49,0x45,0x52,0x00,0x00,0x00,0x00,0x02,
0x00,0x00,0x00,0x00,0x00,0x00,0x00,0x00,0xff,0xff,0xff,0xff,0xff,0xff,0xff,0xff,0x00,0x04,0x00,0x00,
0x00,0x0f,0x00,0x01,0x00,0x00,0x00,0x5f,0x00,0x00,0x00,0x00,0x06,0x00,0x01,0x00,0x00,0x00,0x2c,0x0f,
0x00,0x01,0x00,0x00,0x00,0x5f,0x00,0x00,0x00,0x00,0x0f,0x00,0x0a,0x00,0x00,0x00,0x49,0x44,0x45,0x4e,
0x54,0x49,0x46,0x49,0x45,0x52,0x00,0x00,0x00,0x00,0x0f,0x00,0x01,0x00,0x00,0x00,0x5f,0x00,0x00,0x00,
0x00,0x06,0x00,0x01,0x00,0x00,0x00,0x7d,0x0a,0x00,0x00,0x00,0x54,0x52,0x41,0x49,0x54,0x5f,0x44,0x45,
0x43,0x4c,0x08,0x00,0x00,0x00,0x00,0x00,0x00,0x00,0x00,0x00,0x00,0x00,0x00,0x00,0x0a,0x00,0x00,0x00,
0x02,0x00,0x00,0x00,0x00,0x00,0x00,0x00,0x00,0x01,0x00,0x00,0x00,0x00,0x00,0x00,0x00,0x00,0x03,0x00,
0x00,0x00,0x0f,0x00,0x09,0x00,0x00,0x00,0x44,0x45,0x43,0x4f,0x52,0x41,0x54,0x4f,0x52,0x00,0x00,0x00,
0x00,0x02,0x00,0x00,0x00,0x00,0x00,0x00,0x00,0x00,0xff,0xff,0xff,0xff,0xff,0xff,0xff,0xff,0x00,0x02,
0x00,0x00,0x00,0x0f,0x00,0x01,0x00,0x00,0x00,0x5f,0x00,0x00,0x00,0x00,0x0f,0x00,0x09,0x00,0x00,0x00,
0x44,0x45,0x43,0x4f,0x52,0x41,0x54,0x4f,0x52,0x00,0x00,0x00,0x00,0x0f,0x00,0x01,0x00,0x00,0x00,0x5f,
0x00,0x00,0x00,0x00,0x0f,0x00,0x05,0x00,0x00,0x00,0x74,0x72,0x61,0x69,0x74,0x00,0x00,0x00,0x00,0x0f,
0x00,0x01,0x00,0x00,0x00,0x5f,0x00,0x00,0x00,0x00,0x0f,0x00,0x0a,0x00,0x00,0x00,0x54,0x52,0x41,0x49,
0x54,0x5f,0x48,0x45,0x41,0x44,0x00,0x00,0x00,0x00,0x0f,0x00,0x01,0x00,0x00,0x00,0x5f,0x00,0x00,0x00,
0x00,0x06,0x00,0x01,0x00,0x00,0x00,0x7b,0x0f,0x00,0x01,0x00,0x00,0x00,0x5f,0x00,0x00,0x00,0x00,0x02,
0x00,0x00,0x00,0x00,0x00,0x00,0x00,0x00,0x01,0x00,0x00,0x00,0x00,0x00,0x00,0x00,0x00,0x02,0x00,0x00,
0x00,0x0f,0x00,0x0c,0x00,0x00,0x00,0x54,0x52,0x41,0x49,0x54,0x5f,0x4d,0x45,0x54,0x48,0x4f,0x44,0x00,
0x00,0x00,0x00,0x02,0x00,0x00,0x00,0x00,0x00,0x00,0x00,0x00,0xff,0xff,0xff,0xff,0xff,0xff,0xff,0xff,
0x00,0x02,0x00,0x00,0x00,0x0f,0x00,0x01,0x00,0x00,0x00,0x5f,0x00,0x00,0x00,0x00,0x0f,0x00,0x0c,0x00,
0x00,0x00,0x54,0x52,0x41,0x49,0x54,0x5f,0x4d,0x45,0x54,0x48,0x4f,0x44,0x00,0x00,0x00,0x00,0x0f,0x00,
0x01,0x00,0x00,0x00,0x5f,0x00,0x00,0x00,0x00,0x06,0x00,0x01,0x00,0x00,0x00,0x7d,
};

inline constexpr size_t GRAMMAR_BLOB_SIZE = sizeof(GRAMMAR_BLOB);

}  // namespace culebra
